0 verbose cli /usr/bin/node /usr/bin/npm
1 info using npm@10.8.2
2 info using node@v20.20.2
3 silly config load:file:/usr/lib/node_modules/npm/npmrc
4 silly config load:file:/home/user/frontend/.npmrc
5 silly config load:file:/home/user/.npmrc
6 silly config load:file:/usr/etc/npmrc
7 verbose title npm install
8 verbose argv "install"
9 verbose logfile logs-max:10 dir:/home/user/.npm/_logs/2026-06-03T18_59_18_607Z-
10 verbose logfile /home/user/.npm/_logs/2026-06-03T18_59_18_607Z-debug-0.log
11 silly packumentCache heap:1002438656 maxSize:250609664 maxEntrySize:125304832
12 silly logfile done cleaning log files
13 silly idealTree buildDeps
14 silly reify moves {}
15 silly audit bulk request {
15 silly audit   '@alloc/quick-lru': [ '5.2.0' ],
15 silly audit   '@babel/code-frame': [ '7.29.0' ],
15 silly audit   '@babel/compat-data': [ '7.29.3' ],
15 silly audit   '@babel/core': [ '7.29.0' ],
15 silly audit   '@babel/generator': [ '7.29.1' ],
15 silly audit   '@babel/helper-compilation-targets': [ '7.28.6' ],
15 silly audit   '@babel/helper-globals': [ '7.28.0' ],
15 silly audit   '@babel/helper-module-imports': [ '7.28.6' ],
15 silly audit   '@babel/helper-module-transforms': [ '7.28.6' ],
15 silly audit   '@babel/helper-string-parser': [ '7.27.1' ],
15 silly audit   '@babel/helper-validator-identifier': [ '7.28.5' ],
15 silly audit   '@babel/helper-validator-option': [ '7.27.1' ],
15 silly audit   '@babel/helpers': [ '7.29.2' ],
15 silly audit   '@babel/parser': [ '7.29.3' ],
15 silly audit   '@babel/runtime': [ '7.29.2' ],
15 silly audit   '@babel/template': [ '7.28.6' ],
15 silly audit   '@babel/traverse': [ '7.29.0' ],
15 silly audit   '@babel/types': [ '7.29.0' ],
15 silly audit   '@emnapi/core': [ '1.10.0' ],
15 silly audit   '@emnapi/runtime': [ '1.10.0' ],
15 silly audit   '@emnapi/wasi-threads': [ '1.2.1' ],
15 silly audit   '@eslint-community/eslint-utils': [ '4.9.1' ],
15 silly audit   'eslint-visitor-keys': [ '3.4.3', '5.0.1' ],
15 silly audit   '@eslint-community/regexpp': [ '4.12.2' ],
15 silly audit   '@eslint/config-array': [ '0.23.5' ],
15 silly audit   '@eslint/config-helpers': [ '0.5.5' ],
15 silly audit   '@eslint/core': [ '1.2.1' ],
15 silly audit   '@eslint/js': [ '10.0.1' ],
15 silly audit   '@eslint/object-schema': [ '3.0.5' ],
15 silly audit   '@eslint/plugin-kit': [ '0.7.1' ],
15 silly audit   '@floating-ui/core': [ '1.7.5' ],
15 silly audit   '@floating-ui/dom': [ '1.7.6' ],
15 silly audit   '@floating-ui/react': [ '0.26.28' ],
15 silly audit   '@floating-ui/react-dom': [ '2.1.8' ],
15 silly audit   '@floating-ui/utils': [ '0.2.11' ],
15 silly audit   '@headlessui/react': [ '2.2.10' ],
15 silly audit   '@humanfs/core': [ '0.19.2' ],
15 silly audit   '@humanfs/node': [ '0.16.8' ],
15 silly audit   '@humanfs/types': [ '0.15.0' ],
15 silly audit   '@humanwhocodes/module-importer': [ '1.0.1' ],
15 silly audit   '@humanwhocodes/retry': [ '0.4.3' ],
15 silly audit   '@internationalized/date': [ '3.12.1' ],
15 silly audit   '@internationalized/number': [ '3.6.6' ],
15 silly audit   '@internationalized/string': [ '3.2.8' ],
15 silly audit   '@jridgewell/gen-mapping': [ '0.3.13' ],
15 silly audit   '@jridgewell/remapping': [ '2.3.5' ],
15 silly audit   '@jridgewell/resolve-uri': [ '3.1.2' ],
15 silly audit   '@jridgewell/sourcemap-codec': [ '1.5.5' ],
15 silly audit   '@jridgewell/trace-mapping': [ '0.3.31' ],
15 silly audit   '@napi-rs/wasm-runtime': [ '1.1.4' ],
15 silly audit   '@nodelib/fs.scandir': [ '2.1.5' ],
15 silly audit   '@nodelib/fs.stat': [ '2.0.5' ],
15 silly audit   '@nodelib/fs.walk': [ '1.2.8' ],
15 silly audit   '@oxc-project/types': [ '0.128.0' ],
15 silly audit   '@radix-ui/react-compose-refs': [ '1.1.2' ],
15 silly audit   '@radix-ui/react-slot': [ '1.2.4' ],
15 silly audit   '@react-aria/focus': [ '3.22.0' ],
15 silly audit   '@react-aria/interactions': [ '3.28.0' ],
15 silly audit   '@react-types/shared': [ '3.34.0' ],
15 silly audit   '@reduxjs/toolkit': [ '2.11.2' ],
15 silly audit   immer: [ '11.1.7', '10.2.0' ],
15 silly audit   '@remix-run/router': [ '1.23.2' ],
15 silly audit   '@rolldown/binding-android-arm64': [ '1.0.0-rc.18' ],
15 silly audit   '@rolldown/binding-darwin-arm64': [ '1.0.0-rc.18' ],
15 silly audit   '@rolldown/binding-darwin-x64': [ '1.0.0-rc.18' ],
15 silly audit   '@rolldown/binding-freebsd-x64': [ '1.0.0-rc.18' ],
15 silly audit   '@rolldown/binding-linux-arm-gnueabihf': [ '1.0.0-rc.18' ],
15 silly audit   '@rolldown/binding-linux-arm64-gnu': [ '1.0.0-rc.18' ],
15 silly audit   '@rolldown/binding-linux-arm64-musl': [ '1.0.0-rc.18' ],
15 silly audit   '@rolldown/binding-linux-ppc64-gnu': [ '1.0.0-rc.18' ],
15 silly audit   '@rolldown/binding-linux-s390x-gnu': [ '1.0.0-rc.18' ],
15 silly audit   '@rolldown/binding-linux-x64-gnu': [ '1.0.0-rc.18' ],
15 silly audit   '@rolldown/binding-linux-x64-musl': [ '1.0.0-rc.18' ],
15 silly audit   '@rolldown/binding-openharmony-arm64': [ '1.0.0-rc.18' ],
15 silly audit   '@rolldown/binding-wasm32-wasi': [ '1.0.0-rc.18' ],
15 silly audit   '@rolldown/binding-win32-arm64-msvc': [ '1.0.0-rc.18' ],
15 silly audit   '@rolldown/binding-win32-x64-msvc': [ '1.0.0-rc.18' ],
15 silly audit   '@rolldown/pluginutils': [ '1.0.0-rc.7', '1.0.0-rc.18' ],
15 silly audit   '@standard-schema/spec': [ '1.1.0' ],
15 silly audit   '@standard-schema/utils': [ '0.3.0' ],
15 silly audit   '@swc/helpers': [ '0.5.21' ],
15 silly audit   '@tanstack/query-core': [ '5.100.9' ],
15 silly audit   '@tanstack/react-query': [ '5.100.9' ],
15 silly audit   '@tanstack/react-virtual': [ '3.13.24' ],
15 silly audit   '@tanstack/virtual-core': [ '3.14.0' ],
15 silly audit   '@tybys/wasm-util': [ '0.10.2' ],
15 silly audit   '@types/d3-array': [ '3.2.2' ],
15 silly audit   '@types/d3-color': [ '3.1.3' ],
15 silly audit   '@types/d3-ease': [ '3.0.2' ],
15 silly audit   '@types/d3-interpolate': [ '3.0.4' ],
15 silly audit   '@types/d3-path': [ '3.1.1' ],
15 silly audit   '@types/d3-scale': [ '4.0.9' ],
15 silly audit   '@types/d3-shape': [ '3.1.8' ],
15 silly audit   '@types/d3-time': [ '3.0.4' ],
15 silly audit   '@types/d3-timer': [ '3.0.2' ],
15 silly audit   '@types/esrecurse': [ '4.3.1' ],
15 silly audit   '@types/estree': [ '1.0.9' ],
15 silly audit   '@types/json-schema': [ '7.0.15' ],
15 silly audit   '@types/pako': [ '2.0.4' ],
15 silly audit   '@types/raf': [ '3.4.3' ],
15 silly audit   '@types/react': [ '19.2.14' ],
15 silly audit   '@types/react-dom': [ '19.2.3' ],
15 silly audit   '@types/trusted-types': [ '2.0.7' ],
15 silly audit   '@types/use-sync-external-store': [ '0.0.6' ],
15 silly audit   '@vitejs/plugin-react': [ '6.0.1' ],
15 silly audit   acorn: [ '8.16.0' ],
15 silly audit   'acorn-jsx': [ '5.3.2' ],
15 silly audit   'adler-32': [ '1.3.1' ],
15 silly audit   ajv: [ '6.15.0' ],
15 silly audit   'any-promise': [ '1.3.0' ],
15 silly audit   anymatch: [ '3.1.3' ],
15 silly audit   picomatch: [ '2.3.2', '4.0.4' ],
15 silly audit   arg: [ '5.0.2' ],
15 silly audit   'aria-hidden': [ '1.2.6' ],
15 silly audit   asynckit: [ '0.4.0' ],
15 silly audit   autoprefixer: [ '10.5.0' ],
15 silly audit   axios: [ '1.16.0' ],
15 silly audit   'balanced-match': [ '4.0.4' ],
15 silly audit   'base64-arraybuffer': [ '1.0.2' ],
15 silly audit   'baseline-browser-mapping': [ '2.10.27' ],
15 silly audit   'binary-extensions': [ '2.3.0' ],
15 silly audit   'brace-expansion': [ '5.0.6' ],
15 silly audit   braces: [ '3.0.3' ],
15 silly audit   browserslist: [ '4.28.2' ],
15 silly audit   'call-bind-apply-helpers': [ '1.0.2' ],
15 silly audit   'camelcase-css': [ '2.0.1' ],
15 silly audit   'caniuse-lite': [ '1.0.30001792' ],
15 silly audit   canvg: [ '3.0.11' ],
15 silly audit   cfb: [ '1.2.2' ],
15 silly audit   chokidar: [ '3.6.0' ],
15 silly audit   'glob-parent': [ '5.1.2', '6.0.2' ],
15 silly audit   clsx: [ '2.1.1' ],
15 silly audit   codepage: [ '1.15.0' ],
15 silly audit   'combined-stream': [ '1.0.8' ],
15 silly audit   commander: [ '4.1.1' ],
15 silly audit   'convert-source-map': [ '2.0.0' ],
15 silly audit   'core-js': [ '3.49.0' ],
15 silly audit   'crc-32': [ '1.2.2' ],
15 silly audit   'cross-spawn': [ '7.0.6' ],
15 silly audit   'css-line-break': [ '2.1.0' ],
15 silly audit   cssesc: [ '3.0.0' ],
15 silly audit   csstype: [ '3.2.3' ],
15 silly audit   'd3-array': [ '3.2.4' ],
15 silly audit   'd3-color': [ '3.1.0' ],
15 silly audit   'd3-ease': [ '3.0.1' ],
15 silly audit   'd3-format': [ '3.1.2' ],
15 silly audit   'd3-interpolate': [ '3.0.1' ],
15 silly audit   'd3-path': [ '3.1.0' ],
15 silly audit   'd3-scale': [ '4.0.2' ],
15 silly audit   'd3-shape': [ '3.2.0' ],
15 silly audit   'd3-time': [ '3.1.0' ],
15 silly audit   'd3-time-format': [ '4.1.0' ],
15 silly audit   'd3-timer': [ '3.0.1' ],
15 silly audit   debug: [ '4.4.3' ],
15 silly audit   'decimal.js-light': [ '2.5.1' ],
15 silly audit   'deep-is': [ '0.1.4' ],
15 silly audit   'delayed-stream': [ '1.0.0' ],
15 silly audit   'detect-libc': [ '2.1.2' ],
15 silly audit   didyoumean: [ '1.2.2' ],
15 silly audit   dlv: [ '1.1.3' ],
15 silly audit   dompurify: [ '3.4.2' ],
15 silly audit   'dunder-proto': [ '1.0.1' ],
15 silly audit   'electron-to-chromium': [ '1.5.352' ],
15 silly audit   'es-define-property': [ '1.0.1' ],
15 silly audit   'es-errors': [ '1.3.0' ],
15 silly audit   'es-object-atoms': [ '1.1.1' ],
15 silly audit   'es-set-tostringtag': [ '2.1.0' ],
15 silly audit   'es-toolkit': [ '1.46.1' ],
15 silly audit   escalade: [ '3.2.0' ],
15 silly audit   'escape-string-regexp': [ '4.0.0' ],
15 silly audit   eslint: [ '10.3.0' ],
15 silly audit   'eslint-plugin-react-hooks': [ '7.1.1' ],
15 silly audit   'eslint-plugin-react-refresh': [ '0.5.2' ],
15 silly audit   'eslint-scope': [ '9.1.2' ],
15 silly audit   espree: [ '11.2.0' ],
15 silly audit   esquery: [ '1.7.0' ],
15 silly audit   esrecurse: [ '4.3.0' ],
15 silly audit   estraverse: [ '5.3.0' ],
15 silly audit   esutils: [ '2.0.3' ],
15 silly audit   eventemitter3: [ '5.0.4' ],
15 silly audit   'fast-deep-equal': [ '3.1.3' ],
15 silly audit   'fast-glob': [ '3.3.3' ],
15 silly audit   'fast-json-stable-stringify': [ '2.1.0' ],
15 silly audit   'fast-levenshtein': [ '2.0.6' ],
15 silly audit   'fast-png': [ '6.4.0' ],
15 silly audit   fastq: [ '1.20.1' ],
15 silly audit   fdir: [ '6.5.0' ],
15 silly audit   fflate: [ '0.8.2' ],
15 silly audit   'file-entry-cache': [ '8.0.0' ],
15 silly audit   'fill-range': [ '7.1.1' ],
15 silly audit   'find-up': [ '5.0.0' ],
15 silly audit   'flat-cache': [ '4.0.1' ],
15 silly audit   flatted: [ '3.4.2' ],
15 silly audit   'follow-redirects': [ '1.16.0' ],
15 silly audit   'form-data': [ '4.0.5' ],
15 silly audit   frac: [ '1.1.2' ],
15 silly audit   'fraction.js': [ '5.3.4' ],
15 silly audit   'framer-motion': [ '12.38.0' ],
15 silly audit   fsevents: [ '2.3.3' ],
15 silly audit   'function-bind': [ '1.1.2' ],
15 silly audit   gensync: [ '1.0.0-beta.2' ],
15 silly audit   'get-intrinsic': [ '1.3.0' ],
15 silly audit   'get-proto': [ '1.0.1' ],
15 silly audit   globals: [ '17.6.0' ],
15 silly audit   goober: [ '2.1.18' ],
15 silly audit   gopd: [ '1.2.0' ],
15 silly audit   'has-symbols': [ '1.1.0' ],
15 silly audit   'has-tostringtag': [ '1.0.2' ],
15 silly audit   hasown: [ '2.0.3' ],
15 silly audit   'hermes-estree': [ '0.25.1' ],
15 silly audit   'hermes-parser': [ '0.25.1' ],
15 silly audit   html2canvas: [ '1.4.1' ],
15 silly audit   ignore: [ '5.3.2' ],
15 silly audit   imurmurhash: [ '0.1.4' ],
15 silly audit   internmap: [ '2.0.3' ],
15 silly audit   iobuffer: [ '5.4.0' ],
15 silly audit   'is-binary-path': [ '2.1.0' ],
15 silly audit   'is-core-module': [ '2.16.2' ],
15 silly audit   'is-extglob': [ '2.1.1' ],
15 silly audit   'is-glob': [ '4.0.3' ],
15 silly audit   'is-number': [ '7.0.0' ],
15 silly audit   isexe: [ '2.0.0' ],
15 silly audit   jiti: [ '1.21.7' ],
15 silly audit   'js-tokens': [ '4.0.0' ],
15 silly audit   jsesc: [ '3.1.0' ],
15 silly audit   'json-buffer': [ '3.0.1' ],
15 silly audit   'json-schema-traverse': [ '0.4.1' ],
15 silly audit   'json-stable-stringify-without-jsonify': [ '1.0.1' ],
15 silly audit   json5: [ '2.2.3' ],
15 silly audit   jspdf: [ '4.2.1' ],
15 silly audit   'jspdf-autotable': [ '5.0.7' ],
15 silly audit   keyv: [ '4.5.4' ],
15 silly audit   levn: [ '0.4.1' ],
15 silly audit   lightningcss: [ '1.32.0' ],
15 silly audit   'lightningcss-android-arm64': [ '1.32.0' ],
15 silly audit   'lightningcss-darwin-arm64': [ '1.32.0' ],
15 silly audit   'lightningcss-darwin-x64': [ '1.32.0' ],
15 silly audit   'lightningcss-freebsd-x64': [ '1.32.0' ],
15 silly audit   'lightningcss-linux-arm-gnueabihf': [ '1.32.0' ],
15 silly audit   'lightningcss-linux-arm64-gnu': [ '1.32.0' ],
15 silly audit   'lightningcss-linux-arm64-musl': [ '1.32.0' ],
15 silly audit   'lightningcss-linux-x64-gnu': [ '1.32.0' ],
15 silly audit   'lightningcss-linux-x64-musl': [ '1.32.0' ],
15 silly audit   'lightningcss-win32-arm64-msvc': [ '1.32.0' ],
15 silly audit   'lightningcss-win32-x64-msvc': [ '1.32.0' ],
15 silly audit   lilconfig: [ '3.1.3' ],
15 silly audit   'lines-and-columns': [ '1.2.4' ],
15 silly audit   'locate-path': [ '6.0.0' ],
15 silly audit   'lru-cache': [ '5.1.1' ],
15 silly audit   'lucide-react': [ '0.479.0' ],
15 silly audit   'math-intrinsics': [ '1.1.0' ],
15 silly audit   merge2: [ '1.4.1' ],
15 silly audit   micromatch: [ '4.0.8' ],
15 silly audit   'mime-db': [ '1.52.0' ],
15 silly audit   'mime-types': [ '2.1.35' ],
15 silly audit   minimatch: [ '10.2.5' ],
15 silly audit   'motion-dom': [ '12.38.0' ],
15 silly audit   'motion-utils': [ '12.36.0' ],
15 silly audit   ms: [ '2.1.3' ],
15 silly audit   mz: [ '2.7.0' ],
15 silly audit   nanoid: [ '3.3.12' ],
15 silly audit   'natural-compare': [ '1.4.0' ],
15 silly audit   'node-releases': [ '2.0.38' ],
15 silly audit   'normalize-path': [ '3.0.0' ],
15 silly audit   'object-assign': [ '4.1.1' ],
15 silly audit   'object-hash': [ '3.0.0' ],
15 silly audit   optionator: [ '0.9.4' ],
15 silly audit   'p-limit': [ '3.1.0' ],
15 silly audit   'p-locate': [ '5.0.0' ],
15 silly audit   pako: [ '2.1.0' ],
15 silly audit   'path-exists': [ '4.0.0' ],
15 silly audit   'path-key': [ '3.1.1' ],
15 silly audit   'path-parse': [ '1.0.7' ],
15 silly audit   'performance-now': [ '2.1.0' ],
15 silly audit   picocolors: [ '1.1.1' ],
15 silly audit   pify: [ '2.3.0' ],
15 silly audit   pirates: [ '4.0.7' ],
15 silly audit   postcss: [ '8.5.14' ],
15 silly audit   'postcss-import': [ '15.1.0' ],
15 silly audit   'postcss-js': [ '4.1.0' ],
15 silly audit   'postcss-load-config': [ '6.0.1' ],
15 silly audit   'postcss-nested': [ '6.2.0' ],
15 silly audit   'postcss-selector-parser': [ '6.1.2' ],
15 silly audit   'postcss-value-parser': [ '4.2.0' ],
15 silly audit   'prelude-ls': [ '1.2.1' ],
15 silly audit   'proxy-from-env': [ '2.1.0' ],
15 silly audit   punycode: [ '2.3.1' ],
15 silly audit   'queue-microtask': [ '1.2.3' ],
15 silly audit   raf: [ '3.4.1' ],
15 silly audit   react: [ '19.2.6' ],
15 silly audit   'react-aria': [ '3.48.0' ],
15 silly audit   'react-dom': [ '19.2.6' ],
15 silly audit   'react-hot-toast': [ '2.6.0' ],
15 silly audit   'react-is': [ '19.2.6' ],
15 silly audit   'react-redux': [ '9.2.0' ],
15 silly audit   'react-router': [ '6.30.3' ],
15 silly audit   'react-router-dom': [ '6.30.3' ],
15 silly audit   'react-stately': [ '3.46.0' ],
15 silly audit   'read-cache': [ '1.0.0' ],
15 silly audit   readdirp: [ '3.6.0' ],
15 silly audit   recharts: [ '3.8.1' ],
15 silly audit   redux: [ '5.0.1' ],
15 silly audit   'redux-thunk': [ '3.1.0' ],
15 silly audit   'regenerator-runtime': [ '0.13.11' ],
15 silly audit   reselect: [ '5.1.1' ],
15 silly audit   resolve: [ '1.22.12' ],
15 silly audit   reusify: [ '1.1.0' ],
15 silly audit   rgbcolor: [ '1.0.1' ],
15 silly audit   rolldown: [ '1.0.0-rc.18' ],
15 silly audit   'run-parallel': [ '1.2.0' ],
15 silly audit   scheduler: [ '0.27.0' ],
15 silly audit   semver: [ '6.3.1' ],
15 silly audit   'shebang-command': [ '2.0.0' ],
15 silly audit   'shebang-regex': [ '3.0.0' ],
15 silly audit   'source-map-js': [ '1.2.1' ],
15 silly audit   ssf: [ '0.11.2' ],
15 silly audit   'stackblur-canvas': [ '2.7.0' ],
15 silly audit   sucrase: [ '3.35.1' ],
15 silly audit   'supports-preserve-symlinks-flag': [ '1.0.0' ],
15 silly audit   'svg-pathdata': [ '6.0.3' ],
15 silly audit   tabbable: [ '6.4.0' ],
15 silly audit   'tailwind-merge': [ '3.5.0' ],
15 silly audit   tailwindcss: [ '3.4.19' ],
15 silly audit   'text-segmentation': [ '1.0.3' ],
15 silly audit   thenify: [ '3.3.1' ],
15 silly audit   'thenify-all': [ '1.6.0' ],
15 silly audit   'tiny-invariant': [ '1.3.3' ],
15 silly audit   tinyglobby: [ '0.2.16' ],
15 silly audit   'to-regex-range': [ '5.0.1' ],
15 silly audit   'ts-interface-checker': [ '0.1.13' ],
15 silly audit   tslib: [ '2.8.1' ],
15 silly audit   'type-check': [ '0.4.0' ],
15 silly audit   'update-browserslist-db': [ '1.2.3' ],
15 silly audit   'uri-js': [ '4.4.1' ],
15 silly audit   'use-sync-external-store': [ '1.6.0' ],
15 silly audit   'util-deprecate': [ '1.0.2' ],
15 silly audit   utrie: [ '1.0.2' ],
15 silly audit   'victory-vendor': [ '37.3.6' ],
15 silly audit   vite: [ '8.0.11' ],
15 silly audit   which: [ '2.0.2' ],
15 silly audit   wmf: [ '1.0.2' ],
15 silly audit   word: [ '0.3.0' ],
15 silly audit   'word-wrap': [ '1.2.5' ],
15 silly audit   xlsx: [ '0.18.5' ],
15 silly audit   yallist: [ '3.1.1' ],
15 silly audit   'yocto-queue': [ '0.1.0' ],
15 silly audit   zod: [ '4.4.3' ],
15 silly audit   'zod-validation-error': [ '4.0.2' ]
15 silly audit }
16 verbose reify failed optional dependency /home/user/frontend/node_modules/lightningcss-win32-x64-msvc
17 silly reify mark deleted [ '/home/user/frontend/node_modules/lightningcss-win32-x64-msvc' ]
18 verbose reify failed optional dependency /home/user/frontend/node_modules/lightningcss-win32-arm64-msvc
19 silly reify mark deleted [ '/home/user/frontend/node_modules/lightningcss-win32-arm64-msvc' ]
20 verbose reify failed optional dependency /home/user/frontend/node_modules/lightningcss-linux-arm64-musl
21 silly reify mark deleted [ '/home/user/frontend/node_modules/lightningcss-linux-arm64-musl' ]
22 verbose reify failed optional dependency /home/user/frontend/node_modules/lightningcss-linux-arm64-gnu
23 silly reify mark deleted [ '/home/user/frontend/node_modules/lightningcss-linux-arm64-gnu' ]
24 verbose reify failed optional dependency /home/user/frontend/node_modules/lightningcss-linux-arm-gnueabihf
25 silly reify mark deleted [ '/home/user/frontend/node_modules/lightningcss-linux-arm-gnueabihf' ]
26 verbose reify failed optional dependency /home/user/frontend/node_modules/lightningcss-freebsd-x64
27 silly reify mark deleted [ '/home/user/frontend/node_modules/lightningcss-freebsd-x64' ]
28 verbose reify failed optional dependency /home/user/frontend/node_modules/lightningcss-darwin-x64
29 silly reify mark deleted [ '/home/user/frontend/node_modules/lightningcss-darwin-x64' ]
30 verbose reify failed optional dependency /home/user/frontend/node_modules/lightningcss-darwin-arm64
31 silly reify mark deleted [ '/home/user/frontend/node_modules/lightningcss-darwin-arm64' ]
32 verbose reify failed optional dependency /home/user/frontend/node_modules/lightningcss-android-arm64
33 silly reify mark deleted [ '/home/user/frontend/node_modules/lightningcss-android-arm64' ]
34 verbose reify failed optional dependency /home/user/frontend/node_modules/fsevents
35 silly reify mark deleted [ '/home/user/frontend/node_modules/fsevents' ]
36 verbose reify failed optional dependency /home/user/frontend/node_modules/@rolldown/binding-win32-x64-msvc
37 silly reify mark deleted [ '/home/user/frontend/node_modules/@rolldown/binding-win32-x64-msvc' ]
38 verbose reify failed optional dependency /home/user/frontend/node_modules/@rolldown/binding-win32-arm64-msvc
39 silly reify mark deleted [
39 silly reify   '/home/user/frontend/node_modules/@rolldown/binding-win32-arm64-msvc'
39 silly reify ]
40 verbose reify failed optional dependency /home/user/frontend/node_modules/@rolldown/binding-wasm32-wasi
41 silly reify mark deleted [ '/home/user/frontend/node_modules/@rolldown/binding-wasm32-wasi' ]
42 verbose reify failed optional dependency /home/user/frontend/node_modules/@emnapi/core
43 silly reify mark deleted [ '/home/user/frontend/node_modules/@emnapi/core' ]
44 verbose reify failed optional dependency /home/user/frontend/node_modules/@emnapi/runtime
45 silly reify mark deleted [ '/home/user/frontend/node_modules/@emnapi/runtime' ]
46 verbose reify failed optional dependency /home/user/frontend/node_modules/@napi-rs/wasm-runtime
47 silly reify mark deleted [ '/home/user/frontend/node_modules/@napi-rs/wasm-runtime' ]
48 verbose reify failed optional dependency /home/user/frontend/node_modules/@emnapi/wasi-threads
49 silly reify mark deleted [ '/home/user/frontend/node_modules/@emnapi/wasi-threads' ]
50 verbose reify failed optional dependency /home/user/frontend/node_modules/@tybys/wasm-util
51 silly reify mark deleted [ '/home/user/frontend/node_modules/@tybys/wasm-util' ]
52 verbose reify failed optional dependency /home/user/frontend/node_modules/@rolldown/binding-openharmony-arm64
53 silly reify mark deleted [
53 silly reify   '/home/user/frontend/node_modules/@rolldown/binding-openharmony-arm64'
53 silly reify ]
54 verbose reify failed optional dependency /home/user/frontend/node_modules/@rolldown/binding-linux-s390x-gnu
55 silly reify mark deleted [
55 silly reify   '/home/user/frontend/node_modules/@rolldown/binding-linux-s390x-gnu'
55 silly reify ]
56 verbose reify failed optional dependency /home/user/frontend/node_modules/@rolldown/binding-linux-ppc64-gnu
57 silly reify mark deleted [
57 silly reify   '/home/user/frontend/node_modules/@rolldown/binding-linux-ppc64-gnu'
57 silly reify ]
58 verbose reify failed optional dependency /home/user/frontend/node_modules/@rolldown/binding-linux-arm64-musl
59 silly reify mark deleted [
59 silly reify   '/home/user/frontend/node_modules/@rolldown/binding-linux-arm64-musl'
59 silly reify ]
60 verbose reify failed optional dependency /home/user/frontend/node_modules/@rolldown/binding-linux-arm64-gnu
61 silly reify mark deleted [
61 silly reify   '/home/user/frontend/node_modules/@rolldown/binding-linux-arm64-gnu'
61 silly reify ]
62 verbose reify failed optional dependency /home/user/frontend/node_modules/@rolldown/binding-linux-arm-gnueabihf
63 silly reify mark deleted [
63 silly reify   '/home/user/frontend/node_modules/@rolldown/binding-linux-arm-gnueabihf'
63 silly reify ]
64 verbose reify failed optional dependency /home/user/frontend/node_modules/@rolldown/binding-freebsd-x64
65 silly reify mark deleted [ '/home/user/frontend/node_modules/@rolldown/binding-freebsd-x64' ]
66 verbose reify failed optional dependency /home/user/frontend/node_modules/@rolldown/binding-darwin-x64
67 silly reify mark deleted [ '/home/user/frontend/node_modules/@rolldown/binding-darwin-x64' ]
68 verbose reify failed optional dependency /home/user/frontend/node_modules/@rolldown/binding-darwin-arm64
69 silly reify mark deleted [ '/home/user/frontend/node_modules/@rolldown/binding-darwin-arm64' ]
70 verbose reify failed optional dependency /home/user/frontend/node_modules/@rolldown/binding-android-arm64
71 silly reify mark deleted [ '/home/user/frontend/node_modules/@rolldown/binding-android-arm64' ]
72 silly tarball no local data for zod-validation-error@https://registry.npmjs.org/zod-validation-error/-/zod-validation-error-4.0.2.tgz. Extracting by manifest.
73 silly tarball no local data for zod@https://registry.npmjs.org/zod/-/zod-4.4.3.tgz. Extracting by manifest.
74 silly tarball no local data for yallist@https://registry.npmjs.org/yallist/-/yallist-3.1.1.tgz. Extracting by manifest.
75 silly tarball no local data for xlsx@https://registry.npmjs.org/xlsx/-/xlsx-0.18.5.tgz. Extracting by manifest.
76 silly tarball no local data for word@https://registry.npmjs.org/word/-/word-0.3.0.tgz. Extracting by manifest.
77 silly tarball no local data for wmf@https://registry.npmjs.org/wmf/-/wmf-1.0.2.tgz. Extracting by manifest.
78 silly tarball no local data for vite@https://registry.npmjs.org/vite/-/vite-8.0.11.tgz. Extracting by manifest.
79 silly tarball no local data for victory-vendor@https://registry.npmjs.org/victory-vendor/-/victory-vendor-37.3.6.tgz. Extracting by manifest.
80 silly tarball no local data for utrie@https://registry.npmjs.org/utrie/-/utrie-1.0.2.tgz. Extracting by manifest.
81 silly tarball no local data for util-deprecate@https://registry.npmjs.org/util-deprecate/-/util-deprecate-1.0.2.tgz. Extracting by manifest.
82 silly tarball no local data for use-sync-external-store@https://registry.npmjs.org/use-sync-external-store/-/use-sync-external-store-1.6.0.tgz. Extracting by manifest.
83 silly tarball no local data for update-browserslist-db@https://registry.npmjs.org/update-browserslist-db/-/update-browserslist-db-1.2.3.tgz. Extracting by manifest.
84 silly tarball no local data for ts-interface-checker@https://registry.npmjs.org/ts-interface-checker/-/ts-interface-checker-0.1.13.tgz. Extracting by manifest.
85 silly tarball no local data for to-regex-range@https://registry.npmjs.org/to-regex-range/-/to-regex-range-5.0.1.tgz. Extracting by manifest.
86 silly tarball no local data for tinyglobby@https://registry.npmjs.org/tinyglobby/-/tinyglobby-0.2.16.tgz. Extracting by manifest.
87 silly tarball no local data for tiny-invariant@https://registry.npmjs.org/tiny-invariant/-/tiny-invariant-1.3.3.tgz. Extracting by manifest.
88 silly tarball no local data for thenify-all@https://registry.npmjs.org/thenify-all/-/thenify-all-1.6.0.tgz. Extracting by manifest.
89 silly tarball no local data for thenify@https://registry.npmjs.org/thenify/-/thenify-3.3.1.tgz. Extracting by manifest.
90 silly tarball no local data for text-segmentation@https://registry.npmjs.org/text-segmentation/-/text-segmentation-1.0.3.tgz. Extracting by manifest.
91 silly tarball no local data for tailwindcss@https://registry.npmjs.org/tailwindcss/-/tailwindcss-3.4.19.tgz. Extracting by manifest.
92 silly tarball no local data for tailwind-merge@https://registry.npmjs.org/tailwind-merge/-/tailwind-merge-3.5.0.tgz. Extracting by manifest.
93 silly tarball no local data for tabbable@https://registry.npmjs.org/tabbable/-/tabbable-6.4.0.tgz. Extracting by manifest.
94 silly tarball no local data for svg-pathdata@https://registry.npmjs.org/svg-pathdata/-/svg-pathdata-6.0.3.tgz. Extracting by manifest.
95 silly tarball no local data for supports-preserve-symlinks-flag@https://registry.npmjs.org/supports-preserve-symlinks-flag/-/supports-preserve-symlinks-flag-1.0.0.tgz. Extracting by manifest.
96 silly tarball no local data for sucrase@https://registry.npmjs.org/sucrase/-/sucrase-3.35.1.tgz. Extracting by manifest.
97 silly tarball no local data for stackblur-canvas@https://registry.npmjs.org/stackblur-canvas/-/stackblur-canvas-2.7.0.tgz. Extracting by manifest.
98 silly tarball no local data for ssf@https://registry.npmjs.org/ssf/-/ssf-0.11.2.tgz. Extracting by manifest.
99 silly tarball no local data for semver@https://registry.npmjs.org/semver/-/semver-6.3.1.tgz. Extracting by manifest.
100 silly tarball no local data for scheduler@https://registry.npmjs.org/scheduler/-/scheduler-0.27.0.tgz. Extracting by manifest.
101 silly tarball no local data for run-parallel@https://registry.npmjs.org/run-parallel/-/run-parallel-1.2.0.tgz. Extracting by manifest.
102 silly tarball no local data for rolldown@https://registry.npmjs.org/rolldown/-/rolldown-1.0.0-rc.18.tgz. Extracting by manifest.
103 silly tarball no local data for rgbcolor@https://registry.npmjs.org/rgbcolor/-/rgbcolor-1.0.1.tgz. Extracting by manifest.
104 silly tarball no local data for reusify@https://registry.npmjs.org/reusify/-/reusify-1.1.0.tgz. Extracting by manifest.
105 silly tarball no local data for resolve@https://registry.npmjs.org/resolve/-/resolve-1.22.12.tgz. Extracting by manifest.
106 silly tarball no local data for reselect@https://registry.npmjs.org/reselect/-/reselect-5.1.1.tgz. Extracting by manifest.
107 silly tarball no local data for regenerator-runtime@https://registry.npmjs.org/regenerator-runtime/-/regenerator-runtime-0.13.11.tgz. Extracting by manifest.
108 silly tarball no local data for redux-thunk@https://registry.npmjs.org/redux-thunk/-/redux-thunk-3.1.0.tgz. Extracting by manifest.
109 silly tarball no local data for redux@https://registry.npmjs.org/redux/-/redux-5.0.1.tgz. Extracting by manifest.
110 silly tarball no local data for recharts@https://registry.npmjs.org/recharts/-/recharts-3.8.1.tgz. Extracting by manifest.
111 silly tarball no local data for readdirp@https://registry.npmjs.org/readdirp/-/readdirp-3.6.0.tgz. Extracting by manifest.
112 silly tarball no local data for read-cache@https://registry.npmjs.org/read-cache/-/read-cache-1.0.0.tgz. Extracting by manifest.
113 silly tarball no local data for react-stately@https://registry.npmjs.org/react-stately/-/react-stately-3.46.0.tgz. Extracting by manifest.
114 silly tarball no local data for react-router-dom@https://registry.npmjs.org/react-router-dom/-/react-router-dom-6.30.3.tgz. Extracting by manifest.
115 silly tarball no local data for react-router@https://registry.npmjs.org/react-router/-/react-router-6.30.3.tgz. Extracting by manifest.
116 silly tarball no local data for react-redux@https://registry.npmjs.org/react-redux/-/react-redux-9.2.0.tgz. Extracting by manifest.
117 silly tarball no local data for react-is@https://registry.npmjs.org/react-is/-/react-is-19.2.6.tgz. Extracting by manifest.
118 silly tarball no local data for react-hot-toast@https://registry.npmjs.org/react-hot-toast/-/react-hot-toast-2.6.0.tgz. Extracting by manifest.
119 silly tarball no local data for react-dom@https://registry.npmjs.org/react-dom/-/react-dom-19.2.6.tgz. Extracting by manifest.
120 silly tarball no local data for react-aria@https://registry.npmjs.org/react-aria/-/react-aria-3.48.0.tgz. Extracting by manifest.
121 silly tarball no local data for react@https://registry.npmjs.org/react/-/react-19.2.6.tgz. Extracting by manifest.
122 silly tarball no local data for raf@https://registry.npmjs.org/raf/-/raf-3.4.1.tgz. Extracting by manifest.
123 silly tarball no local data for queue-microtask@https://registry.npmjs.org/queue-microtask/-/queue-microtask-1.2.3.tgz. Extracting by manifest.
124 silly tarball no local data for proxy-from-env@https://registry.npmjs.org/proxy-from-env/-/proxy-from-env-2.1.0.tgz. Extracting by manifest.
125 silly tarball no local data for postcss-value-parser@https://registry.npmjs.org/postcss-value-parser/-/postcss-value-parser-4.2.0.tgz. Extracting by manifest.
126 silly tarball no local data for postcss-selector-parser@https://registry.npmjs.org/postcss-selector-parser/-/postcss-selector-parser-6.1.2.tgz. Extracting by manifest.
127 silly tarball no local data for postcss-nested@https://registry.npmjs.org/postcss-nested/-/postcss-nested-6.2.0.tgz. Extracting by manifest.
128 silly tarball no local data for postcss-load-config@https://registry.npmjs.org/postcss-load-config/-/postcss-load-config-6.0.1.tgz. Extracting by manifest.
129 silly tarball no local data for postcss-js@https://registry.npmjs.org/postcss-js/-/postcss-js-4.1.0.tgz. Extracting by manifest.
130 silly tarball no local data for postcss-import@https://registry.npmjs.org/postcss-import/-/postcss-import-15.1.0.tgz. Extracting by manifest.
131 silly tarball no local data for postcss@https://registry.npmjs.org/postcss/-/postcss-8.5.14.tgz. Extracting by manifest.
132 silly tarball no local data for pirates@https://registry.npmjs.org/pirates/-/pirates-4.0.7.tgz. Extracting by manifest.
133 silly tarball no local data for pify@https://registry.npmjs.org/pify/-/pify-2.3.0.tgz. Extracting by manifest.
134 silly tarball no local data for performance-now@https://registry.npmjs.org/performance-now/-/performance-now-2.1.0.tgz. Extracting by manifest.
135 silly tarball no local data for path-parse@https://registry.npmjs.org/path-parse/-/path-parse-1.0.7.tgz. Extracting by manifest.
136 silly tarball no local data for pako@https://registry.npmjs.org/pako/-/pako-2.1.0.tgz. Extracting by manifest.
137 silly tarball no local data for object-hash@https://registry.npmjs.org/object-hash/-/object-hash-3.0.0.tgz. Extracting by manifest.
138 silly tarball no local data for object-assign@https://registry.npmjs.org/object-assign/-/object-assign-4.1.1.tgz. Extracting by manifest.
139 silly tarball no local data for normalize-path@https://registry.npmjs.org/normalize-path/-/normalize-path-3.0.0.tgz. Extracting by manifest.
140 silly tarball no local data for node-releases@https://registry.npmjs.org/node-releases/-/node-releases-2.0.38.tgz. Extracting by manifest.
141 silly tarball no local data for mz@https://registry.npmjs.org/mz/-/mz-2.7.0.tgz. Extracting by manifest.
142 silly tarball no local data for motion-utils@https://registry.npmjs.org/motion-utils/-/motion-utils-12.36.0.tgz. Extracting by manifest.
143 silly tarball no local data for motion-dom@https://registry.npmjs.org/motion-dom/-/motion-dom-12.38.0.tgz. Extracting by manifest.
144 silly tarball no local data for mime-types@https://registry.npmjs.org/mime-types/-/mime-types-2.1.35.tgz. Extracting by manifest.
145 silly tarball no local data for mime-db@https://registry.npmjs.org/mime-db/-/mime-db-1.52.0.tgz. Extracting by manifest.
146 silly tarball no local data for micromatch@https://registry.npmjs.org/micromatch/-/micromatch-4.0.8.tgz. Extracting by manifest.
147 silly tarball no local data for merge2@https://registry.npmjs.org/merge2/-/merge2-1.4.1.tgz. Extracting by manifest.
148 silly tarball no local data for math-intrinsics@https://registry.npmjs.org/math-intrinsics/-/math-intrinsics-1.1.0.tgz. Extracting by manifest.
149 silly tarball no local data for lucide-react@https://registry.npmjs.org/lucide-react/-/lucide-react-0.479.0.tgz. Extracting by manifest.
150 silly tarball no local data for lru-cache@https://registry.npmjs.org/lru-cache/-/lru-cache-5.1.1.tgz. Extracting by manifest.
151 silly tarball no local data for lines-and-columns@https://registry.npmjs.org/lines-and-columns/-/lines-and-columns-1.2.4.tgz. Extracting by manifest.
152 silly tarball no local data for lilconfig@https://registry.npmjs.org/lilconfig/-/lilconfig-3.1.3.tgz. Extracting by manifest.
153 silly tarball no local data for lightningcss-linux-x64-musl@https://registry.npmjs.org/lightningcss-linux-x64-musl/-/lightningcss-linux-x64-musl-1.32.0.tgz. Extracting by manifest.
154 silly tarball no local data for jspdf-autotable@https://registry.npmjs.org/jspdf-autotable/-/jspdf-autotable-5.0.7.tgz. Extracting by manifest.
155 silly tarball no local data for jspdf@https://registry.npmjs.org/jspdf/-/jspdf-4.2.1.tgz. Extracting by manifest.
156 silly tarball no local data for json5@https://registry.npmjs.org/json5/-/json5-2.2.3.tgz. Extracting by manifest.
157 silly tarball no local data for jsesc@https://registry.npmjs.org/jsesc/-/jsesc-3.1.0.tgz. Extracting by manifest.
158 silly tarball no local data for js-tokens@https://registry.npmjs.org/js-tokens/-/js-tokens-4.0.0.tgz. Extracting by manifest.
159 silly tarball no local data for jiti@https://registry.npmjs.org/jiti/-/jiti-1.21.7.tgz. Extracting by manifest.
160 silly tarball no local data for is-number@https://registry.npmjs.org/is-number/-/is-number-7.0.0.tgz. Extracting by manifest.
161 silly tarball no local data for is-core-module@https://registry.npmjs.org/is-core-module/-/is-core-module-2.16.2.tgz. Extracting by manifest.
162 silly tarball no local data for is-binary-path@https://registry.npmjs.org/is-binary-path/-/is-binary-path-2.1.0.tgz. Extracting by manifest.
163 silly tarball no local data for iobuffer@https://registry.npmjs.org/iobuffer/-/iobuffer-5.4.0.tgz. Extracting by manifest.
164 silly tarball no local data for internmap@https://registry.npmjs.org/internmap/-/internmap-2.0.3.tgz. Extracting by manifest.
165 silly tarball no local data for immer@https://registry.npmjs.org/immer/-/immer-10.2.0.tgz. Extracting by manifest.
166 silly tarball no local data for html2canvas@https://registry.npmjs.org/html2canvas/-/html2canvas-1.4.1.tgz. Extracting by manifest.
167 silly tarball no local data for hermes-estree@https://registry.npmjs.org/hermes-estree/-/hermes-estree-0.25.1.tgz. Extracting by manifest.
168 silly tarball no local data for hermes-parser@https://registry.npmjs.org/hermes-parser/-/hermes-parser-0.25.1.tgz. Extracting by manifest.
169 silly tarball no local data for hasown@https://registry.npmjs.org/hasown/-/hasown-2.0.3.tgz. Extracting by manifest.
170 silly tarball no local data for has-tostringtag@https://registry.npmjs.org/has-tostringtag/-/has-tostringtag-1.0.2.tgz. Extracting by manifest.
171 silly tarball no local data for has-symbols@https://registry.npmjs.org/has-symbols/-/has-symbols-1.1.0.tgz. Extracting by manifest.
172 silly tarball no local data for gopd@https://registry.npmjs.org/gopd/-/gopd-1.2.0.tgz. Extracting by manifest.
173 silly tarball no local data for goober@https://registry.npmjs.org/goober/-/goober-2.1.18.tgz. Extracting by manifest.
174 silly tarball no local data for globals@https://registry.npmjs.org/globals/-/globals-17.6.0.tgz. Extracting by manifest.
175 silly tarball no local data for get-proto@https://registry.npmjs.org/get-proto/-/get-proto-1.0.1.tgz. Extracting by manifest.
176 silly tarball no local data for get-intrinsic@https://registry.npmjs.org/get-intrinsic/-/get-intrinsic-1.3.0.tgz. Extracting by manifest.
177 silly tarball no local data for gensync@https://registry.npmjs.org/gensync/-/gensync-1.0.0-beta.2.tgz. Extracting by manifest.
178 silly tarball no local data for function-bind@https://registry.npmjs.org/function-bind/-/function-bind-1.1.2.tgz. Extracting by manifest.
179 silly tarball no local data for framer-motion@https://registry.npmjs.org/framer-motion/-/framer-motion-12.38.0.tgz. Extracting by manifest.
180 silly tarball no local data for fraction.js@https://registry.npmjs.org/fraction.js/-/fraction.js-5.3.4.tgz. Extracting by manifest.
181 silly tarball no local data for frac@https://registry.npmjs.org/frac/-/frac-1.1.2.tgz. Extracting by manifest.
182 silly tarball no local data for form-data@https://registry.npmjs.org/form-data/-/form-data-4.0.5.tgz. Extracting by manifest.
183 silly tarball no local data for follow-redirects@https://registry.npmjs.org/follow-redirects/-/follow-redirects-1.16.0.tgz. Extracting by manifest.
184 silly tarball no local data for fill-range@https://registry.npmjs.org/fill-range/-/fill-range-7.1.1.tgz. Extracting by manifest.
185 silly tarball no local data for fflate@https://registry.npmjs.org/fflate/-/fflate-0.8.2.tgz. Extracting by manifest.
186 silly tarball no local data for fastq@https://registry.npmjs.org/fastq/-/fastq-1.20.1.tgz. Extracting by manifest.
187 silly tarball no local data for fast-png@https://registry.npmjs.org/fast-png/-/fast-png-6.4.0.tgz. Extracting by manifest.
188 silly tarball no local data for fast-glob@https://registry.npmjs.org/fast-glob/-/fast-glob-3.3.3.tgz. Extracting by manifest.
189 silly tarball no local data for eventemitter3@https://registry.npmjs.org/eventemitter3/-/eventemitter3-5.0.4.tgz. Extracting by manifest.
190 silly tarball no local data for eslint-plugin-react-refresh@https://registry.npmjs.org/eslint-plugin-react-refresh/-/eslint-plugin-react-refresh-0.5.2.tgz. Extracting by manifest.
191 silly tarball no local data for eslint-plugin-react-hooks@https://registry.npmjs.org/eslint-plugin-react-hooks/-/eslint-plugin-react-hooks-7.1.1.tgz. Extracting by manifest.
192 silly tarball no local data for eslint@https://registry.npmjs.org/eslint/-/eslint-10.3.0.tgz. Extracting by manifest.
193 silly tarball no local data for escalade@https://registry.npmjs.org/escalade/-/escalade-3.2.0.tgz. Extracting by manifest.
194 silly tarball no local data for es-toolkit@https://registry.npmjs.org/es-toolkit/-/es-toolkit-1.46.1.tgz. Extracting by manifest.
195 silly tarball no local data for es-set-tostringtag@https://registry.npmjs.org/es-set-tostringtag/-/es-set-tostringtag-2.1.0.tgz. Extracting by manifest.
196 silly tarball no local data for es-object-atoms@https://registry.npmjs.org/es-object-atoms/-/es-object-atoms-1.1.1.tgz. Extracting by manifest.
197 silly tarball no local data for es-errors@https://registry.npmjs.org/es-errors/-/es-errors-1.3.0.tgz. Extracting by manifest.
198 silly tarball no local data for es-define-property@https://registry.npmjs.org/es-define-property/-/es-define-property-1.0.1.tgz. Extracting by manifest.
199 silly tarball no local data for electron-to-chromium@https://registry.npmjs.org/electron-to-chromium/-/electron-to-chromium-1.5.352.tgz. Extracting by manifest.
200 silly tarball no local data for dunder-proto@https://registry.npmjs.org/dunder-proto/-/dunder-proto-1.0.1.tgz. Extracting by manifest.
201 silly tarball no local data for dompurify@https://registry.npmjs.org/dompurify/-/dompurify-3.4.2.tgz. Extracting by manifest.
202 silly tarball no local data for dlv@https://registry.npmjs.org/dlv/-/dlv-1.1.3.tgz. Extracting by manifest.
203 silly tarball no local data for didyoumean@https://registry.npmjs.org/didyoumean/-/didyoumean-1.2.2.tgz. Extracting by manifest.
204 silly tarball no local data for delayed-stream@https://registry.npmjs.org/delayed-stream/-/delayed-stream-1.0.0.tgz. Extracting by manifest.
205 silly tarball no local data for decimal.js-light@https://registry.npmjs.org/decimal.js-light/-/decimal.js-light-2.5.1.tgz. Extracting by manifest.
206 silly tarball no local data for d3-timer@https://registry.npmjs.org/d3-timer/-/d3-timer-3.0.1.tgz. Extracting by manifest.
207 silly tarball no local data for d3-time-format@https://registry.npmjs.org/d3-time-format/-/d3-time-format-4.1.0.tgz. Extracting by manifest.
208 silly tarball no local data for d3-time@https://registry.npmjs.org/d3-time/-/d3-time-3.1.0.tgz. Extracting by manifest.
209 silly tarball no local data for d3-shape@https://registry.npmjs.org/d3-shape/-/d3-shape-3.2.0.tgz. Extracting by manifest.
210 silly tarball no local data for d3-scale@https://registry.npmjs.org/d3-scale/-/d3-scale-4.0.2.tgz. Extracting by manifest.
211 silly tarball no local data for d3-path@https://registry.npmjs.org/d3-path/-/d3-path-3.1.0.tgz. Extracting by manifest.
212 silly tarball no local data for d3-interpolate@https://registry.npmjs.org/d3-interpolate/-/d3-interpolate-3.0.1.tgz. Extracting by manifest.
213 silly tarball no local data for d3-format@https://registry.npmjs.org/d3-format/-/d3-format-3.1.2.tgz. Extracting by manifest.
214 silly tarball no local data for d3-ease@https://registry.npmjs.org/d3-ease/-/d3-ease-3.0.1.tgz. Extracting by manifest.
215 silly tarball no local data for d3-color@https://registry.npmjs.org/d3-color/-/d3-color-3.1.0.tgz. Extracting by manifest.
216 silly tarball no local data for d3-array@https://registry.npmjs.org/d3-array/-/d3-array-3.2.4.tgz. Extracting by manifest.
217 silly tarball no local data for csstype@https://registry.npmjs.org/csstype/-/csstype-3.2.3.tgz. Extracting by manifest.
218 silly tarball no local data for cssesc@https://registry.npmjs.org/cssesc/-/cssesc-3.0.0.tgz. Extracting by manifest.
219 silly tarball no local data for css-line-break@https://registry.npmjs.org/css-line-break/-/css-line-break-2.1.0.tgz. Extracting by manifest.
220 silly tarball no local data for crc-32@https://registry.npmjs.org/crc-32/-/crc-32-1.2.2.tgz. Extracting by manifest.
221 silly tarball no local data for core-js@https://registry.npmjs.org/core-js/-/core-js-3.49.0.tgz. Extracting by manifest.
222 silly tarball no local data for convert-source-map@https://registry.npmjs.org/convert-source-map/-/convert-source-map-2.0.0.tgz. Extracting by manifest.
223 silly tarball no local data for commander@https://registry.npmjs.org/commander/-/commander-4.1.1.tgz. Extracting by manifest.
224 silly tarball no local data for combined-stream@https://registry.npmjs.org/combined-stream/-/combined-stream-1.0.8.tgz. Extracting by manifest.
225 silly tarball no local data for codepage@https://registry.npmjs.org/codepage/-/codepage-1.15.0.tgz. Extracting by manifest.
226 silly tarball no local data for clsx@https://registry.npmjs.org/clsx/-/clsx-2.1.1.tgz. Extracting by manifest.
227 silly tarball no local data for chokidar@https://registry.npmjs.org/chokidar/-/chokidar-3.6.0.tgz. Extracting by manifest.
228 silly tarball no local data for cfb@https://registry.npmjs.org/cfb/-/cfb-1.2.2.tgz. Extracting by manifest.
229 silly tarball no local data for canvg@https://registry.npmjs.org/canvg/-/canvg-3.0.11.tgz. Extracting by manifest.
230 silly tarball no local data for caniuse-lite@https://registry.npmjs.org/caniuse-lite/-/caniuse-lite-1.0.30001792.tgz. Extracting by manifest.
231 silly tarball no local data for camelcase-css@https://registry.npmjs.org/camelcase-css/-/camelcase-css-2.0.1.tgz. Extracting by manifest.
232 silly tarball no local data for call-bind-apply-helpers@https://registry.npmjs.org/call-bind-apply-helpers/-/call-bind-apply-helpers-1.0.2.tgz. Extracting by manifest.
233 silly tarball no local data for browserslist@https://registry.npmjs.org/browserslist/-/browserslist-4.28.2.tgz. Extracting by manifest.
234 silly tarball no local data for braces@https://registry.npmjs.org/braces/-/braces-3.0.3.tgz. Extracting by manifest.
235 silly tarball no local data for binary-extensions@https://registry.npmjs.org/binary-extensions/-/binary-extensions-2.3.0.tgz. Extracting by manifest.
236 silly tarball no local data for baseline-browser-mapping@https://registry.npmjs.org/baseline-browser-mapping/-/baseline-browser-mapping-2.10.27.tgz. Extracting by manifest.
237 silly tarball no local data for base64-arraybuffer@https://registry.npmjs.org/base64-arraybuffer/-/base64-arraybuffer-1.0.2.tgz. Extracting by manifest.
238 silly tarball no local data for axios@https://registry.npmjs.org/axios/-/axios-1.16.0.tgz. Extracting by manifest.
239 silly tarball no local data for autoprefixer@https://registry.npmjs.org/autoprefixer/-/autoprefixer-10.5.0.tgz. Extracting by manifest.
240 silly tarball no local data for asynckit@https://registry.npmjs.org/asynckit/-/asynckit-0.4.0.tgz. Extracting by manifest.
241 silly tarball no local data for aria-hidden@https://registry.npmjs.org/aria-hidden/-/aria-hidden-1.2.6.tgz. Extracting by manifest.
242 silly tarball no local data for arg@https://registry.npmjs.org/arg/-/arg-5.0.2.tgz. Extracting by manifest.
243 silly tarball no local data for anymatch@https://registry.npmjs.org/anymatch/-/anymatch-3.1.3.tgz. Extracting by manifest.
244 silly tarball no local data for any-promise@https://registry.npmjs.org/any-promise/-/any-promise-1.3.0.tgz. Extracting by manifest.
245 silly tarball no local data for adler-32@https://registry.npmjs.org/adler-32/-/adler-32-1.3.1.tgz. Extracting by manifest.
246 silly tarball no local data for @vitejs/plugin-react@https://registry.npmjs.org/@vitejs/plugin-react/-/plugin-react-6.0.1.tgz. Extracting by manifest.
247 silly tarball no local data for @types/use-sync-external-store@https://registry.npmjs.org/@types/use-sync-external-store/-/use-sync-external-store-0.0.6.tgz. Extracting by manifest.
248 silly tarball no local data for @types/trusted-types@https://registry.npmjs.org/@types/trusted-types/-/trusted-types-2.0.7.tgz. Extracting by manifest.
249 silly tarball no local data for @types/react-dom@https://registry.npmjs.org/@types/react-dom/-/react-dom-19.2.3.tgz. Extracting by manifest.
250 silly tarball no local data for @types/react@https://registry.npmjs.org/@types/react/-/react-19.2.14.tgz. Extracting by manifest.
251 silly tarball no local data for @types/raf@https://registry.npmjs.org/@types/raf/-/raf-3.4.3.tgz. Extracting by manifest.
252 silly tarball no local data for @types/pako@https://registry.npmjs.org/@types/pako/-/pako-2.0.4.tgz. Extracting by manifest.
253 silly tarball no local data for @types/d3-timer@https://registry.npmjs.org/@types/d3-timer/-/d3-timer-3.0.2.tgz. Extracting by manifest.
254 silly tarball no local data for @types/d3-time@https://registry.npmjs.org/@types/d3-time/-/d3-time-3.0.4.tgz. Extracting by manifest.
255 silly tarball no local data for @types/d3-shape@https://registry.npmjs.org/@types/d3-shape/-/d3-shape-3.1.8.tgz. Extracting by manifest.
256 silly tarball no local data for @types/d3-scale@https://registry.npmjs.org/@types/d3-scale/-/d3-scale-4.0.9.tgz. Extracting by manifest.
257 silly tarball no local data for @types/d3-path@https://registry.npmjs.org/@types/d3-path/-/d3-path-3.1.1.tgz. Extracting by manifest.
258 silly tarball no local data for @types/d3-interpolate@https://registry.npmjs.org/@types/d3-interpolate/-/d3-interpolate-3.0.4.tgz. Extracting by manifest.
259 silly tarball no local data for @types/d3-ease@https://registry.npmjs.org/@types/d3-ease/-/d3-ease-3.0.2.tgz. Extracting by manifest.
260 silly tarball no local data for @types/d3-color@https://registry.npmjs.org/@types/d3-color/-/d3-color-3.1.3.tgz. Extracting by manifest.
261 silly tarball no local data for @types/d3-array@https://registry.npmjs.org/@types/d3-array/-/d3-array-3.2.2.tgz. Extracting by manifest.
262 silly tarball no local data for @tanstack/virtual-core@https://registry.npmjs.org/@tanstack/virtual-core/-/virtual-core-3.14.0.tgz. Extracting by manifest.
263 silly tarball no local data for @tanstack/react-virtual@https://registry.npmjs.org/@tanstack/react-virtual/-/react-virtual-3.13.24.tgz. Extracting by manifest.
264 silly tarball no local data for @tanstack/react-query@https://registry.npmjs.org/@tanstack/react-query/-/react-query-5.100.9.tgz. Extracting by manifest.
265 silly tarball no local data for @tanstack/query-core@https://registry.npmjs.org/@tanstack/query-core/-/query-core-5.100.9.tgz. Extracting by manifest.
266 silly tarball no local data for @swc/helpers@https://registry.npmjs.org/@swc/helpers/-/helpers-0.5.21.tgz. Extracting by manifest.
267 silly tarball no local data for @standard-schema/utils@https://registry.npmjs.org/@standard-schema/utils/-/utils-0.3.0.tgz. Extracting by manifest.
268 silly tarball no local data for @standard-schema/spec@https://registry.npmjs.org/@standard-schema/spec/-/spec-1.1.0.tgz. Extracting by manifest.
269 silly tarball no local data for @rolldown/pluginutils@https://registry.npmjs.org/@rolldown/pluginutils/-/pluginutils-1.0.0-rc.7.tgz. Extracting by manifest.
270 silly tarball no local data for @rolldown/binding-linux-x64-musl@https://registry.npmjs.org/@rolldown/binding-linux-x64-musl/-/binding-linux-x64-musl-1.0.0-rc.18.tgz. Extracting by manifest.
271 silly tarball no local data for @rolldown/binding-linux-x64-gnu@https://registry.npmjs.org/@rolldown/binding-linux-x64-gnu/-/binding-linux-x64-gnu-1.0.0-rc.18.tgz. Extracting by manifest.
272 silly tarball no local data for @remix-run/router@https://registry.npmjs.org/@remix-run/router/-/router-1.23.2.tgz. Extracting by manifest.
273 silly tarball no local data for @reduxjs/toolkit@https://registry.npmjs.org/@reduxjs/toolkit/-/toolkit-2.11.2.tgz. Extracting by manifest.
274 silly tarball no local data for @react-types/shared@https://registry.npmjs.org/@react-types/shared/-/shared-3.34.0.tgz. Extracting by manifest.
275 silly tarball no local data for @react-aria/interactions@https://registry.npmjs.org/@react-aria/interactions/-/interactions-3.28.0.tgz. Extracting by manifest.
276 silly tarball no local data for @react-aria/focus@https://registry.npmjs.org/@react-aria/focus/-/focus-3.22.0.tgz. Extracting by manifest.
277 silly tarball no local data for @radix-ui/react-slot@https://registry.npmjs.org/@radix-ui/react-slot/-/react-slot-1.2.4.tgz. Extracting by manifest.
278 silly tarball no local data for @radix-ui/react-compose-refs@https://registry.npmjs.org/@radix-ui/react-compose-refs/-/react-compose-refs-1.1.2.tgz. Extracting by manifest.
279 silly tarball no local data for @oxc-project/types@https://registry.npmjs.org/@oxc-project/types/-/types-0.128.0.tgz. Extracting by manifest.
280 silly tarball no local data for @nodelib/fs.walk@https://registry.npmjs.org/@nodelib/fs.walk/-/fs.walk-1.2.8.tgz. Extracting by manifest.
281 silly tarball no local data for @nodelib/fs.stat@https://registry.npmjs.org/@nodelib/fs.stat/-/fs.stat-2.0.5.tgz. Extracting by manifest.
282 silly tarball no local data for @nodelib/fs.scandir@https://registry.npmjs.org/@nodelib/fs.scandir/-/fs.scandir-2.1.5.tgz. Extracting by manifest.
283 silly tarball no local data for @jridgewell/sourcemap-codec@https://registry.npmjs.org/@jridgewell/sourcemap-codec/-/sourcemap-codec-1.5.5.tgz. Extracting by manifest.
284 silly tarball no local data for @jridgewell/resolve-uri@https://registry.npmjs.org/@jridgewell/resolve-uri/-/resolve-uri-3.1.2.tgz. Extracting by manifest.
285 silly tarball no local data for @jridgewell/remapping@https://registry.npmjs.org/@jridgewell/remapping/-/remapping-2.3.5.tgz. Extracting by manifest.
286 silly tarball no local data for @jridgewell/gen-mapping@https://registry.npmjs.org/@jridgewell/gen-mapping/-/gen-mapping-0.3.13.tgz. Extracting by manifest.
287 silly tarball no local data for @jridgewell/trace-mapping@https://registry.npmjs.org/@jridgewell/trace-mapping/-/trace-mapping-0.3.31.tgz. Extracting by manifest.
288 silly tarball no local data for @internationalized/string@https://registry.npmjs.org/@internationalized/string/-/string-3.2.8.tgz. Extracting by manifest.
289 silly tarball no local data for @internationalized/number@https://registry.npmjs.org/@internationalized/number/-/number-3.6.6.tgz. Extracting by manifest.
290 silly tarball no local data for @internationalized/date@https://registry.npmjs.org/@internationalized/date/-/date-3.12.1.tgz. Extracting by manifest.
291 silly tarball no local data for @headlessui/react@https://registry.npmjs.org/@headlessui/react/-/react-2.2.10.tgz. Extracting by manifest.
292 silly tarball no local data for @floating-ui/utils@https://registry.npmjs.org/@floating-ui/utils/-/utils-0.2.11.tgz. Extracting by manifest.
293 silly tarball no local data for @floating-ui/react-dom@https://registry.npmjs.org/@floating-ui/react-dom/-/react-dom-2.1.8.tgz. Extracting by manifest.
294 silly tarball no local data for @floating-ui/react@https://registry.npmjs.org/@floating-ui/react/-/react-0.26.28.tgz. Extracting by manifest.
295 silly tarball no local data for @floating-ui/dom@https://registry.npmjs.org/@floating-ui/dom/-/dom-1.7.6.tgz. Extracting by manifest.
296 silly tarball no local data for @floating-ui/core@https://registry.npmjs.org/@floating-ui/core/-/core-1.7.5.tgz. Extracting by manifest.
297 silly tarball no local data for @eslint/plugin-kit@https://registry.npmjs.org/@eslint/plugin-kit/-/plugin-kit-0.7.1.tgz. Extracting by manifest.
298 silly tarball no local data for @eslint/js@https://registry.npmjs.org/@eslint/js/-/js-10.0.1.tgz. Extracting by manifest.
299 silly tarball no local data for @eslint/config-helpers@https://registry.npmjs.org/@eslint/config-helpers/-/config-helpers-0.5.5.tgz. Extracting by manifest.
300 silly tarball no local data for @babel/types@https://registry.npmjs.org/@babel/types/-/types-7.29.0.tgz. Extracting by manifest.
301 silly tarball no local data for @babel/traverse@https://registry.npmjs.org/@babel/traverse/-/traverse-7.29.0.tgz. Extracting by manifest.
302 silly tarball no local data for @babel/template@https://registry.npmjs.org/@babel/template/-/template-7.28.6.tgz. Extracting by manifest.
303 silly tarball no local data for @babel/runtime@https://registry.npmjs.org/@babel/runtime/-/runtime-7.29.2.tgz. Extracting by manifest.
304 silly tarball no local data for @babel/parser@https://registry.npmjs.org/@babel/parser/-/parser-7.29.3.tgz. Extracting by manifest.
305 silly tarball no local data for @babel/helpers@https://registry.npmjs.org/@babel/helpers/-/helpers-7.29.2.tgz. Extracting by manifest.
306 silly tarball no local data for @babel/helper-validator-option@https://registry.npmjs.org/@babel/helper-validator-option/-/helper-validator-option-7.27.1.tgz. Extracting by manifest.
307 silly tarball no local data for @babel/helper-validator-identifier@https://registry.npmjs.org/@babel/helper-validator-identifier/-/helper-validator-identifier-7.28.5.tgz. Extracting by manifest.
308 silly tarball no local data for @babel/helper-string-parser@https://registry.npmjs.org/@babel/helper-string-parser/-/helper-string-parser-7.27.1.tgz. Extracting by manifest.
309 silly tarball no local data for @babel/helper-module-transforms@https://registry.npmjs.org/@babel/helper-module-transforms/-/helper-module-transforms-7.28.6.tgz. Extracting by manifest.
310 silly tarball no local data for @babel/helper-module-imports@https://registry.npmjs.org/@babel/helper-module-imports/-/helper-module-imports-7.28.6.tgz. Extracting by manifest.
311 silly tarball no local data for @babel/helper-globals@https://registry.npmjs.org/@babel/helper-globals/-/helper-globals-7.28.0.tgz. Extracting by manifest.
312 silly tarball no local data for @babel/helper-compilation-targets@https://registry.npmjs.org/@babel/helper-compilation-targets/-/helper-compilation-targets-7.28.6.tgz. Extracting by manifest.
313 silly tarball no local data for @babel/generator@https://registry.npmjs.org/@babel/generator/-/generator-7.29.1.tgz. Extracting by manifest.
314 silly tarball no local data for @babel/core@https://registry.npmjs.org/@babel/core/-/core-7.29.0.tgz. Extracting by manifest.
315 silly tarball no local data for @babel/compat-data@https://registry.npmjs.org/@babel/compat-data/-/compat-data-7.29.3.tgz. Extracting by manifest.
316 silly tarball no local data for @babel/code-frame@https://registry.npmjs.org/@babel/code-frame/-/code-frame-7.29.0.tgz. Extracting by manifest.
317 silly tarball no local data for @alloc/quick-lru@https://registry.npmjs.org/@alloc/quick-lru/-/quick-lru-5.2.0.tgz. Extracting by manifest.
318 silly tarball no local data for picomatch@https://registry.npmjs.org/picomatch/-/picomatch-2.3.2.tgz. Extracting by manifest.
319 silly tarball no local data for @rolldown/pluginutils@https://registry.npmjs.org/@rolldown/pluginutils/-/pluginutils-1.0.0-rc.18.tgz. Extracting by manifest.
320 silly tarball no local data for picomatch@https://registry.npmjs.org/picomatch/-/picomatch-2.3.2.tgz. Extracting by manifest.
321 silly tarball no local data for glob-parent@https://registry.npmjs.org/glob-parent/-/glob-parent-5.1.2.tgz. Extracting by manifest.
322 silly tarball no local data for glob-parent@https://registry.npmjs.org/glob-parent/-/glob-parent-5.1.2.tgz. Extracting by manifest.
323 silly tarball no local data for picomatch@https://registry.npmjs.org/picomatch/-/picomatch-2.3.2.tgz. Extracting by manifest.
324 silly tarball no local data for immer@https://registry.npmjs.org/immer/-/immer-11.1.7.tgz. Extracting by manifest.
325 http fetch POST 200 https://registry.npmjs.org/-/npm/v1/security/advisories/bulk 785ms
326 silly audit report {
326 silly audit report   xlsx: [
326 silly audit report     {
326 silly audit report       id: 1108110,
326 silly audit report       url: 'https://github.com/advisories/GHSA-4r6h-8v6p-xvw6',
326 silly audit report       title: 'Prototype Pollution in sheetJS',
326 silly audit report       severity: 'high',
326 silly audit report       vulnerable_versions: '<0.19.3',
326 silly audit report       cwe: [Array],
326 silly audit report       cvss: [Object]
326 silly audit report     },
326 silly audit report     {
326 silly audit report       id: 1108111,
326 silly audit report       url: 'https://github.com/advisories/GHSA-5pgg-2g8v-p4x9',
326 silly audit report       title: 'SheetJS Regular Expression Denial of Service (ReDoS)',
326 silly audit report       severity: 'high',
326 silly audit report       vulnerable_versions: '<0.20.2',
326 silly audit report       cwe: [Array],
326 silly audit report       cvss: [Object]
326 silly audit report     }
326 silly audit report   ]
326 silly audit report }
327 silly packumentCache corgi:https://registry.npmjs.org/xlsx cache-miss
328 http fetch GET 200 https://registry.npmjs.org/yallist/-/yallist-3.1.1.tgz 1110ms (cache miss)
329 http fetch GET 200 https://registry.npmjs.org/thenify-all/-/thenify-all-1.6.0.tgz 1141ms (cache miss)
330 http fetch GET 200 https://registry.npmjs.org/word/-/word-0.3.0.tgz 1179ms (cache miss)
331 http fetch GET 200 https://registry.npmjs.org/util-deprecate/-/util-deprecate-1.0.2.tgz 1203ms (cache miss)
332 http fetch GET 200 https://registry.npmjs.org/run-parallel/-/run-parallel-1.2.0.tgz 1198ms (cache miss)
333 http fetch GET 200 https://registry.npmjs.org/update-browserslist-db/-/update-browserslist-db-1.2.3.tgz 1264ms (cache miss)
334 http fetch GET 200 https://registry.npmjs.org/to-regex-range/-/to-regex-range-5.0.1.tgz 1264ms (cache miss)
335 http fetch GET 200 https://registry.npmjs.org/scheduler/-/scheduler-0.27.0.tgz 1258ms (cache miss)
336 http fetch GET 200 https://registry.npmjs.org/tinyglobby/-/tinyglobby-0.2.16.tgz 1291ms (cache miss)
337 http fetch GET 200 https://registry.npmjs.org/tiny-invariant/-/tiny-invariant-1.3.3.tgz 1292ms (cache miss)
338 http fetch GET 200 https://registry.npmjs.org/thenify/-/thenify-3.3.1.tgz 1291ms (cache miss)
339 http fetch GET 200 https://registry.npmjs.org/supports-preserve-symlinks-flag/-/supports-preserve-symlinks-flag-1.0.0.tgz 1289ms (cache miss)
340 http fetch GET 200 https://registry.npmjs.org/rgbcolor/-/rgbcolor-1.0.1.tgz 1285ms (cache miss)
341 http fetch GET 200 https://registry.npmjs.org/regenerator-runtime/-/regenerator-runtime-0.13.11.tgz 1279ms (cache miss)
342 http fetch GET 200 https://registry.npmjs.org/readdirp/-/readdirp-3.6.0.tgz 1277ms (cache miss)
343 http fetch GET 200 https://registry.npmjs.org/react-is/-/react-is-19.2.6.tgz 1380ms (cache miss)
344 http fetch GET 200 https://registry.npmjs.org/read-cache/-/read-cache-1.0.0.tgz 1385ms (cache miss)
345 http fetch GET 200 https://registry.npmjs.org/postcss-load-config/-/postcss-load-config-6.0.1.tgz 1360ms (cache miss)
346 http fetch GET 200 https://registry.npmjs.org/postcss-value-parser/-/postcss-value-parser-4.2.0.tgz 1364ms (cache miss)
347 http fetch GET 200 https://registry.npmjs.org/pirates/-/pirates-4.0.7.tgz 1358ms (cache miss)
348 http fetch GET 200 https://registry.npmjs.org/postcss-import/-/postcss-import-15.1.0.tgz 1360ms (cache miss)
349 http fetch GET 200 https://registry.npmjs.org/performance-now/-/performance-now-2.1.0.tgz 1383ms (cache miss)
350 http fetch GET 200 https://registry.npmjs.org/path-parse/-/path-parse-1.0.7.tgz 1379ms (cache miss)
351 http fetch GET 200 https://registry.npmjs.org/object-assign/-/object-assign-4.1.1.tgz 1376ms (cache miss)
352 http fetch GET 200 https://registry.npmjs.org/queue-microtask/-/queue-microtask-1.2.3.tgz 1416ms (cache miss)
353 http fetch GET 200 https://registry.npmjs.org/postcss-js/-/postcss-js-4.1.0.tgz 1411ms (cache miss)
354 http fetch GET 200 https://registry.npmjs.org/postcss-nested/-/postcss-nested-6.2.0.tgz 1413ms (cache miss)
355 http fetch GET 200 https://registry.npmjs.org/pify/-/pify-2.3.0.tgz 1408ms (cache miss)
356 http fetch GET 200 https://registry.npmjs.org/semver/-/semver-6.3.1.tgz 1467ms (cache miss)
357 http fetch GET 200 https://registry.npmjs.org/proxy-from-env/-/proxy-from-env-2.1.0.tgz 1433ms (cache miss)
358 http fetch GET 200 https://registry.npmjs.org/mime-types/-/mime-types-2.1.35.tgz 1413ms (cache miss)
359 http fetch GET 200 https://registry.npmjs.org/ssf/-/ssf-0.11.2.tgz 1494ms (cache miss)
360 http fetch GET 200 https://registry.npmjs.org/raf/-/raf-3.4.1.tgz 1463ms (cache miss)
361 http fetch GET 200 https://registry.npmjs.org/normalize-path/-/normalize-path-3.0.0.tgz 1444ms (cache miss)
362 http fetch GET 200 https://registry.npmjs.org/lines-and-columns/-/lines-and-columns-1.2.4.tgz 1433ms (cache miss)
363 http fetch GET 200 https://registry.npmjs.org/use-sync-external-store/-/use-sync-external-store-1.6.0.tgz 1531ms (cache miss)
364 http fetch GET 200 https://registry.npmjs.org/merge2/-/merge2-1.4.1.tgz 1466ms (cache miss)
365 http fetch GET 200 https://registry.npmjs.org/jsesc/-/jsesc-3.1.0.tgz 1455ms (cache miss)
366 http fetch GET 200 https://registry.npmjs.org/micromatch/-/micromatch-4.0.8.tgz 1479ms (cache miss)
367 http fetch GET 200 https://registry.npmjs.org/reusify/-/reusify-1.1.0.tgz 1537ms (cache miss)
368 http fetch GET 200 https://registry.npmjs.org/node-releases/-/node-releases-2.0.38.tgz 1489ms (cache miss)
369 http fetch GET 200 https://registry.npmjs.org/lilconfig/-/lilconfig-3.1.3.tgz 1479ms (cache miss)
370 http fetch GET 200 https://registry.npmjs.org/js-tokens/-/js-tokens-4.0.0.tgz 1474ms (cache miss)
371 http fetch GET 200 https://registry.npmjs.org/mz/-/mz-2.7.0.tgz 1518ms (cache miss)
372 http fetch GET 200 https://registry.npmjs.org/math-intrinsics/-/math-intrinsics-1.1.0.tgz 1513ms (cache miss)
373 http fetch GET 200 https://registry.npmjs.org/lru-cache/-/lru-cache-5.1.1.tgz 1509ms (cache miss)
374 http fetch GET 200 https://registry.npmjs.org/hasown/-/hasown-2.0.3.tgz 1490ms (cache miss)
375 http fetch GET 200 https://registry.npmjs.org/gopd/-/gopd-1.2.0.tgz 1488ms (cache miss)
376 http fetch GET 200 https://registry.npmjs.org/mime-db/-/mime-db-1.52.0.tgz 1570ms (cache miss)
377 http fetch GET 200 https://registry.npmjs.org/is-number/-/is-number-7.0.0.tgz 1556ms (cache miss)
378 http fetch GET 200 https://registry.npmjs.org/is-core-module/-/is-core-module-2.16.2.tgz 1555ms (cache miss)
379 http fetch GET 200 https://registry.npmjs.org/is-binary-path/-/is-binary-path-2.1.0.tgz 1555ms (cache miss)
380 http fetch GET 200 https://registry.npmjs.org/internmap/-/internmap-2.0.3.tgz 1607ms (cache miss)
381 http fetch GET 200 https://registry.npmjs.org/get-proto/-/get-proto-1.0.1.tgz 1634ms (cache miss)
382 http fetch GET 200 https://registry.npmjs.org/gensync/-/gensync-1.0.0-beta.2.tgz 1634ms (cache miss)
383 http fetch GET 200 https://registry.npmjs.org/eventemitter3/-/eventemitter3-5.0.4.tgz 1628ms (cache miss)
384 http fetch GET 200 https://registry.npmjs.org/get-intrinsic/-/get-intrinsic-1.3.0.tgz 1671ms (cache miss)
385 http fetch GET 200 https://registry.npmjs.org/frac/-/frac-1.1.2.tgz 1670ms (cache miss)
386 http fetch GET 200 https://registry.npmjs.org/es-define-property/-/es-define-property-1.0.1.tgz 1659ms (cache miss)
387 http fetch GET 200 https://registry.npmjs.org/ts-interface-checker/-/ts-interface-checker-0.1.13.tgz 1800ms (cache miss)
388 http fetch GET 200 https://registry.npmjs.org/function-bind/-/function-bind-1.1.2.tgz 1708ms (cache miss)
389 http fetch GET 200 https://registry.npmjs.org/form-data/-/form-data-4.0.5.tgz 1706ms (cache miss)
390 http fetch GET 200 https://registry.npmjs.org/fill-range/-/fill-range-7.1.1.tgz 1706ms (cache miss)
391 http fetch GET 200 https://registry.npmjs.org/follow-redirects/-/follow-redirects-1.16.0.tgz 1707ms (cache miss)
392 http fetch GET 200 https://registry.npmjs.org/eslint-plugin-react-refresh/-/eslint-plugin-react-refresh-0.5.2.tgz 1702ms (cache miss)
393 http fetch GET 200 https://registry.npmjs.org/escalade/-/escalade-3.2.0.tgz 1701ms (cache miss)
394 http fetch GET 200 https://registry.npmjs.org/dlv/-/dlv-1.1.3.tgz 1690ms (cache miss)
395 http fetch GET 200 https://registry.npmjs.org/redux-thunk/-/redux-thunk-3.1.0.tgz 1808ms (cache miss)
396 http fetch GET 200 https://registry.npmjs.org/es-errors/-/es-errors-1.3.0.tgz 1718ms (cache miss)
397 http fetch GET 200 https://registry.npmjs.org/d3-time/-/d3-time-3.1.0.tgz 1758ms (cache miss)
398 http fetch GET 200 https://registry.npmjs.org/dunder-proto/-/dunder-proto-1.0.1.tgz 1776ms (cache miss)
399 http fetch GET 200 https://registry.npmjs.org/didyoumean/-/didyoumean-1.2.2.tgz 1772ms (cache miss)
400 http fetch GET 200 https://registry.npmjs.org/delayed-stream/-/delayed-stream-1.0.0.tgz 1773ms (cache miss)
401 http fetch GET 200 https://registry.npmjs.org/d3-path/-/d3-path-3.1.0.tgz 1770ms (cache miss)
402 http fetch GET 200 https://registry.npmjs.org/d3-ease/-/d3-ease-3.0.1.tgz 1804ms (cache miss)
403 http fetch GET 200 https://registry.npmjs.org/d3-color/-/d3-color-3.1.0.tgz 1804ms (cache miss)
404 http fetch GET 200 https://registry.npmjs.org/globals/-/globals-17.6.0.tgz 1837ms (cache miss)
405 http fetch GET 200 https://registry.npmjs.org/es-set-tostringtag/-/es-set-tostringtag-2.1.0.tgz 1825ms (cache miss)
406 http fetch GET 200 https://registry.npmjs.org/es-object-atoms/-/es-object-atoms-1.1.1.tgz 1825ms (cache miss)
407 http fetch GET 200 https://registry.npmjs.org/combined-stream/-/combined-stream-1.0.8.tgz 1826ms (cache miss)
408 http fetch GET 200 https://registry.npmjs.org/has-tostringtag/-/has-tostringtag-1.0.2.tgz 1869ms (cache miss)
409 http fetch GET 200 https://registry.npmjs.org/d3-timer/-/d3-timer-3.0.1.tgz 1843ms (cache miss)
410 http fetch GET 200 https://registry.npmjs.org/call-bind-apply-helpers/-/call-bind-apply-helpers-1.0.2.tgz 1828ms (cache miss)
411 http fetch GET 200 https://registry.npmjs.org/cssesc/-/cssesc-3.0.0.tgz 1847ms (cache miss)
412 http fetch GET 200 https://registry.npmjs.org/commander/-/commander-4.1.1.tgz 1844ms (cache miss)
413 http fetch GET 200 https://registry.npmjs.org/jspdf-autotable/-/jspdf-autotable-5.0.7.tgz 1903ms (cache miss)
414 http fetch GET 200 https://registry.npmjs.org/fastq/-/fastq-1.20.1.tgz 1878ms (cache miss)
415 http fetch GET 200 https://registry.npmjs.org/convert-source-map/-/convert-source-map-2.0.0.tgz 1852ms (cache miss)
416 http fetch GET 200 https://registry.npmjs.org/has-symbols/-/has-symbols-1.1.0.tgz 1913ms (cache miss)
417 http fetch GET 200 https://registry.npmjs.org/camelcase-css/-/camelcase-css-2.0.1.tgz 1874ms (cache miss)
418 http fetch GET 200 https://registry.npmjs.org/clsx/-/clsx-2.1.1.tgz 1893ms (cache miss)
419 http fetch GET 200 https://registry.npmjs.org/crc-32/-/crc-32-1.2.2.tgz 1903ms (cache miss)
420 http fetch GET 200 https://registry.npmjs.org/braces/-/braces-3.0.3.tgz 1892ms (cache miss)
421 http fetch GET 200 https://registry.npmjs.org/aria-hidden/-/aria-hidden-1.2.6.tgz 1888ms (cache miss)
422 http fetch GET 200 https://registry.npmjs.org/adler-32/-/adler-32-1.3.1.tgz 1887ms (cache miss)
423 http fetch GET 200 https://registry.npmjs.org/object-hash/-/object-hash-3.0.0.tgz 1997ms (cache miss)
424 http fetch GET 200 https://registry.npmjs.org/browserslist/-/browserslist-4.28.2.tgz 1920ms (cache miss)
425 http fetch GET 200 https://registry.npmjs.org/base64-arraybuffer/-/base64-arraybuffer-1.0.2.tgz 1918ms (cache miss)
426 http fetch GET 200 https://registry.npmjs.org/arg/-/arg-5.0.2.tgz 1916ms (cache miss)
427 http fetch GET 200 https://registry.npmjs.org/asynckit/-/asynckit-0.4.0.tgz 1917ms (cache miss)
428 http fetch GET 200 https://registry.npmjs.org/anymatch/-/anymatch-3.1.3.tgz 1915ms (cache miss)
429 http fetch GET 200 https://registry.npmjs.org/any-promise/-/any-promise-1.3.0.tgz 1938ms (cache miss)
430 http fetch GET 200 https://registry.npmjs.org/@types/trusted-types/-/trusted-types-2.0.7.tgz 1936ms (cache miss)
431 http fetch GET 200 https://registry.npmjs.org/@types/d3-timer/-/d3-timer-3.0.2.tgz 1931ms (cache miss)
432 http fetch GET 200 https://registry.npmjs.org/chokidar/-/chokidar-3.6.0.tgz 1966ms (cache miss)
433 http fetch GET 200 https://registry.npmjs.org/iobuffer/-/iobuffer-5.4.0.tgz 2028ms (cache miss)
434 http fetch GET 200 https://registry.npmjs.org/binary-extensions/-/binary-extensions-2.3.0.tgz 1983ms (cache miss)
435 http fetch GET 200 https://registry.npmjs.org/@types/use-sync-external-store/-/use-sync-external-store-0.0.6.tgz 1977ms (cache miss)
436 http fetch GET 200 https://registry.npmjs.org/@types/d3-scale/-/d3-scale-4.0.9.tgz 1971ms (cache miss)
437 http fetch GET 200 https://registry.npmjs.org/@types/pako/-/pako-2.0.4.tgz 1992ms (cache miss)
438 http fetch GET 200 https://registry.npmjs.org/@types/d3-time/-/d3-time-3.0.4.tgz 1992ms (cache miss)
439 http fetch GET 200 https://registry.npmjs.org/@types/d3-ease/-/d3-ease-3.0.2.tgz 1989ms (cache miss)
440 http fetch GET 200 https://registry.npmjs.org/@vitejs/plugin-react/-/plugin-react-6.0.1.tgz 2038ms (cache miss)
441 http fetch GET 200 https://registry.npmjs.org/@types/d3-path/-/d3-path-3.1.1.tgz 2030ms (cache miss)
442 http fetch GET 200 https://registry.npmjs.org/@types/d3-interpolate/-/d3-interpolate-3.0.4.tgz 2031ms (cache miss)
443 http fetch GET 200 https://registry.npmjs.org/@types/raf/-/raf-3.4.3.tgz 2046ms (cache miss)
444 http fetch GET 200 https://registry.npmjs.org/@types/react-dom/-/react-dom-19.2.3.tgz 2050ms (cache miss)
445 http fetch GET 200 https://registry.npmjs.org/@types/d3-shape/-/d3-shape-3.1.8.tgz 2044ms (cache miss)
446 http fetch GET 200 https://registry.npmjs.org/@types/d3-color/-/d3-color-3.1.3.tgz 2041ms (cache miss)
447 http fetch GET 200 https://registry.npmjs.org/@types/d3-array/-/d3-array-3.2.2.tgz 2041ms (cache miss)
448 http fetch GET 200 https://registry.npmjs.org/@react-aria/focus/-/focus-3.22.0.tgz 2035ms (cache miss)
449 http fetch GET 200 https://registry.npmjs.org/@radix-ui/react-compose-refs/-/react-compose-refs-1.1.2.tgz 2034ms (cache miss)
450 http fetch GET 200 https://registry.npmjs.org/@tanstack/react-virtual/-/react-virtual-3.13.24.tgz 2054ms (cache miss)
451 http fetch GET 200 https://registry.npmjs.org/@standard-schema/utils/-/utils-0.3.0.tgz 2049ms (cache miss)
452 http fetch GET 200 https://registry.npmjs.org/@standard-schema/spec/-/spec-1.1.0.tgz 2048ms (cache miss)
453 http fetch GET 200 https://registry.npmjs.org/@rolldown/pluginutils/-/pluginutils-1.0.0-rc.7.tgz 2048ms (cache miss)
454 http fetch GET 200 https://registry.npmjs.org/@react-aria/interactions/-/interactions-3.28.0.tgz 2048ms (cache miss)
455 http fetch GET 200 https://registry.npmjs.org/@jridgewell/resolve-uri/-/resolve-uri-3.1.2.tgz 2041ms (cache miss)
456 http fetch GET 200 https://registry.npmjs.org/electron-to-chromium/-/electron-to-chromium-1.5.352.tgz 2111ms (cache miss)
457 http fetch GET 200 https://registry.npmjs.org/decimal.js-light/-/decimal.js-light-2.5.1.tgz 2104ms (cache miss)
458 http fetch GET 200 https://registry.npmjs.org/@oxc-project/types/-/types-0.128.0.tgz 2060ms (cache miss)
459 http fetch GET 200 https://registry.npmjs.org/@radix-ui/react-slot/-/react-slot-1.2.4.tgz 2074ms (cache miss)
460 http fetch GET 200 https://registry.npmjs.org/@nodelib/fs.walk/-/fs.walk-1.2.8.tgz 2073ms (cache miss)
461 http fetch GET 200 https://registry.npmjs.org/@nodelib/fs.stat/-/fs.stat-2.0.5.tgz 2071ms (cache miss)
462 http fetch GET 200 https://registry.npmjs.org/@floating-ui/utils/-/utils-0.2.11.tgz 2072ms (cache miss)
463 http fetch GET 200 https://registry.npmjs.org/json5/-/json5-2.2.3.tgz 2189ms (cache miss)
464 http fetch GET 200 https://registry.npmjs.org/@eslint/js/-/js-10.0.1.tgz 2082ms (cache miss)
465 http fetch GET 200 https://registry.npmjs.org/@eslint/config-helpers/-/config-helpers-0.5.5.tgz 2081ms (cache miss)
466 http fetch GET 200 https://registry.npmjs.org/fraction.js/-/fraction.js-5.3.4.tgz 2181ms (cache miss)
467 http fetch GET 200 https://registry.npmjs.org/baseline-browser-mapping/-/baseline-browser-mapping-2.10.27.tgz 2140ms (cache miss)
468 http fetch GET 200 https://registry.npmjs.org/@babel/helper-globals/-/helper-globals-7.28.0.tgz 2085ms (cache miss)
469 http fetch GET 200 https://registry.npmjs.org/zod-validation-error/-/zod-validation-error-4.0.2.tgz 2297ms (cache miss)
470 http fetch GET 200 https://registry.npmjs.org/hermes-estree/-/hermes-estree-0.25.1.tgz 2200ms (cache miss)
471 http fetch GET 200 https://registry.npmjs.org/@floating-ui/react-dom/-/react-dom-2.1.8.tgz 2112ms (cache miss)
472 http fetch GET 200 https://registry.npmjs.org/@babel/helper-validator-option/-/helper-validator-option-7.27.1.tgz 2102ms (cache miss)
473 http fetch GET 200 https://registry.npmjs.org/@babel/helper-validator-identifier/-/helper-validator-identifier-7.28.5.tgz 2111ms (cache miss)
474 http fetch GET 200 https://registry.npmjs.org/@alloc/quick-lru/-/quick-lru-5.2.0.tgz 2099ms (cache miss)
475 http fetch GET 200 https://registry.npmjs.org/@babel/compat-data/-/compat-data-7.29.3.tgz 2101ms (cache miss)
476 http fetch GET 200 https://registry.npmjs.org/@babel/helper-module-imports/-/helper-module-imports-7.28.6.tgz 2118ms (cache miss)
477 http fetch GET 200 https://registry.npmjs.org/@babel/helper-string-parser/-/helper-string-parser-7.27.1.tgz 2122ms (cache miss)
478 http fetch GET 200 https://registry.npmjs.org/@babel/helper-compilation-targets/-/helper-compilation-targets-7.28.6.tgz 2115ms (cache miss)
479 http fetch GET 200 https://registry.npmjs.org/glob-parent/-/glob-parent-5.1.2.tgz 2107ms (cache miss)
480 http fetch GET 200 https://registry.npmjs.org/@babel/code-frame/-/code-frame-7.29.0.tgz 2124ms (cache miss)
481 http fetch GET 200 https://registry.npmjs.org/stackblur-canvas/-/stackblur-canvas-2.7.0.tgz 2323ms (cache miss)
482 http fetch GET 200 https://registry.npmjs.org/react-hot-toast/-/react-hot-toast-2.6.0.tgz 2313ms (cache miss)
483 http fetch GET 200 https://registry.npmjs.org/@rolldown/pluginutils/-/pluginutils-1.0.0-rc.18.tgz 2139ms (cache miss)
484 http fetch GET 200 https://registry.npmjs.org/react/-/react-19.2.6.tgz 2308ms (cache miss)
485 http fetch GET 200 https://registry.npmjs.org/glob-parent/-/glob-parent-5.1.2.tgz 2143ms (cache miss)
486 http fetch GET 200 https://registry.npmjs.org/wmf/-/wmf-1.0.2.tgz 2360ms (cache miss)
487 http fetch GET 200 https://registry.npmjs.org/picomatch/-/picomatch-2.3.2.tgz 2154ms (cache miss)
488 http fetch GET 200 https://registry.npmjs.org/picomatch/-/picomatch-2.3.2.tgz 2152ms (cache miss)
489 http fetch GET 200 https://registry.npmjs.org/d3-interpolate/-/d3-interpolate-3.0.1.tgz 2240ms (cache miss)
490 http fetch GET 200 https://registry.npmjs.org/@eslint/plugin-kit/-/plugin-kit-0.7.1.tgz 2180ms (cache miss)
491 http fetch GET 200 https://registry.npmjs.org/picomatch/-/picomatch-2.3.2.tgz 2155ms (cache miss)
492 http fetch GET 200 https://registry.npmjs.org/@react-types/shared/-/shared-3.34.0.tgz 2204ms (cache miss)
493 http fetch GET 200 https://registry.npmjs.org/@nodelib/fs.scandir/-/fs.scandir-2.1.5.tgz 2218ms (cache miss)
494 http fetch GET 200 https://registry.npmjs.org/@floating-ui/dom/-/dom-1.7.6.tgz 2213ms (cache miss)
495 http fetch GET 200 https://registry.npmjs.org/@floating-ui/core/-/core-1.7.5.tgz 2213ms (cache miss)
496 http fetch GET 200 https://registry.npmjs.org/cfb/-/cfb-1.2.2.tgz 2265ms (cache miss)
497 http fetch GET 200 https://registry.npmjs.org/tabbable/-/tabbable-6.4.0.tgz 2395ms (cache miss)
498 http fetch GET 200 https://registry.npmjs.org/d3-scale/-/d3-scale-4.0.2.tgz 2281ms (cache miss)
499 http fetch GET 200 https://registry.npmjs.org/xlsx 1790ms (cache miss)
500 silly packumentCache corgi:https://registry.npmjs.org/xlsx set size:undefined disposed:false
501 http fetch GET 200 https://registry.npmjs.org/@babel/template/-/template-7.28.6.tgz 2240ms (cache miss)
502 http fetch GET 200 https://registry.npmjs.org/text-segmentation/-/text-segmentation-1.0.3.tgz 2429ms (cache miss)
503 http fetch GET 200 https://registry.npmjs.org/@tanstack/virtual-core/-/virtual-core-3.14.0.tgz 2287ms (cache miss)
504 http fetch GET 200 https://registry.npmjs.org/@babel/helper-module-transforms/-/helper-module-transforms-7.28.6.tgz 2260ms (cache miss)
505 http fetch GET 200 https://registry.npmjs.org/@jridgewell/sourcemap-codec/-/sourcemap-codec-1.5.5.tgz 2285ms (cache miss)
506 http fetch GET 200 https://registry.npmjs.org/d3-time-format/-/d3-time-format-4.1.0.tgz 2343ms (cache miss)
507 http fetch GET 200 https://registry.npmjs.org/@internationalized/string/-/string-3.2.8.tgz 2295ms (cache miss)
508 http fetch GET 200 https://registry.npmjs.org/svg-pathdata/-/svg-pathdata-6.0.3.tgz 2469ms (cache miss)
509 http fetch GET 200 https://registry.npmjs.org/@types/react/-/react-19.2.14.tgz 2329ms (cache miss)
510 http fetch GET 200 https://registry.npmjs.org/redux/-/redux-5.0.1.tgz 2463ms (cache miss)
511 http fetch GET 200 https://registry.npmjs.org/@jridgewell/remapping/-/remapping-2.3.5.tgz 2308ms (cache miss)
512 http fetch GET 200 https://registry.npmjs.org/utrie/-/utrie-1.0.2.tgz 2490ms (cache miss)
513 http fetch GET 200 https://registry.npmjs.org/@jridgewell/gen-mapping/-/gen-mapping-0.3.13.tgz 2331ms (cache miss)
514 http fetch GET 200 https://registry.npmjs.org/postcss/-/postcss-8.5.14.tgz 2484ms (cache miss)
515 http fetch GET 200 https://registry.npmjs.org/css-line-break/-/css-line-break-2.1.0.tgz 2415ms (cache miss)
516 http fetch GET 200 https://registry.npmjs.org/reselect/-/reselect-5.1.1.tgz 2541ms (cache miss)
517 http fetch GET 200 https://registry.npmjs.org/@internationalized/number/-/number-3.6.6.tgz 2382ms (cache miss)
518 http fetch GET 200 https://registry.npmjs.org/react-router/-/react-router-6.30.3.tgz 2543ms (cache miss)
519 http fetch GET 200 https://registry.npmjs.org/postcss-selector-parser/-/postcss-selector-parser-6.1.2.tgz 2522ms (cache miss)
520 http fetch GET 200 https://registry.npmjs.org/fflate/-/fflate-0.8.2.tgz 2466ms (cache miss)
521 http fetch GET 200 https://registry.npmjs.org/dompurify/-/dompurify-3.4.2.tgz 2456ms (cache miss)
522 http fetch GET 200 https://registry.npmjs.org/motion-utils/-/motion-utils-12.36.0.tgz 2518ms (cache miss)
523 http fetch GET 200 https://registry.npmjs.org/fast-glob/-/fast-glob-3.3.3.tgz 2488ms (cache miss)
524 http fetch GET 200 https://registry.npmjs.org/d3-array/-/d3-array-3.2.4.tgz 2485ms (cache miss)
525 http fetch GET 200 https://registry.npmjs.org/@jridgewell/trace-mapping/-/trace-mapping-0.3.31.tgz 2439ms (cache miss)
526 http fetch GET 200 https://registry.npmjs.org/d3-format/-/d3-format-3.1.2.tgz 2508ms (cache miss)
527 http fetch GET 200 https://registry.npmjs.org/@floating-ui/react/-/react-0.26.28.tgz 2464ms (cache miss)
528 http fetch GET 200 https://registry.npmjs.org/d3-shape/-/d3-shape-3.2.0.tgz 2532ms (cache miss)
529 http fetch GET 200 https://registry.npmjs.org/immer/-/immer-10.2.0.tgz 2575ms (cache miss)
530 http fetch GET 200 https://registry.npmjs.org/csstype/-/csstype-3.2.3.tgz 2553ms (cache miss)
531 http fetch GET 200 https://registry.npmjs.org/goober/-/goober-2.1.18.tgz 2592ms (cache miss)
532 http fetch GET 200 https://registry.npmjs.org/react-router-dom/-/react-router-dom-6.30.3.tgz 2680ms (cache miss)
533 http fetch GET 200 https://registry.npmjs.org/react-redux/-/react-redux-9.2.0.tgz 2700ms (cache miss)
534 http fetch GET 200 https://registry.npmjs.org/autoprefixer/-/autoprefixer-10.5.0.tgz 2598ms (cache miss)
535 http fetch GET 200 https://registry.npmjs.org/fast-png/-/fast-png-6.4.0.tgz 2648ms (cache miss)
536 http fetch GET 200 https://registry.npmjs.org/@babel/generator/-/generator-7.29.1.tgz 2564ms (cache miss)
537 http fetch GET 200 https://registry.npmjs.org/tailwind-merge/-/tailwind-merge-3.5.0.tgz 2761ms (cache miss)
538 http fetch GET 200 https://registry.npmjs.org/hermes-parser/-/hermes-parser-0.25.1.tgz 2712ms (cache miss)
539 http fetch GET 200 https://registry.npmjs.org/rolldown/-/rolldown-1.0.0-rc.18.tgz 2871ms (cache miss)
540 http fetch GET 200 https://registry.npmjs.org/jiti/-/jiti-1.21.7.tgz 2821ms (cache miss)
541 http fetch GET 200 https://registry.npmjs.org/immer/-/immer-11.1.7.tgz 2716ms (cache miss)
542 http fetch GET 200 https://registry.npmjs.org/pako/-/pako-2.1.0.tgz 2874ms (cache miss)
543 http fetch GET 200 https://registry.npmjs.org/@babel/traverse/-/traverse-7.29.0.tgz 2755ms (cache miss)
544 http fetch GET 200 https://registry.npmjs.org/@babel/parser/-/parser-7.29.3.tgz 2821ms (cache miss)
545 http fetch GET 200 https://registry.npmjs.org/resolve/-/resolve-1.22.12.tgz 3143ms (cache miss)
546 http fetch GET 200 https://registry.npmjs.org/vite/-/vite-8.0.11.tgz 3178ms (cache miss)
547 http fetch GET 200 https://registry.npmjs.org/@remix-run/router/-/router-1.23.2.tgz 3022ms (cache miss)
548 http fetch GET 200 https://registry.npmjs.org/@babel/core/-/core-7.29.0.tgz 3116ms (cache miss)
549 http fetch GET 200 https://registry.npmjs.org/eslint-plugin-react-hooks/-/eslint-plugin-react-hooks-7.1.1.tgz 3255ms (cache miss)
550 http fetch GET 200 https://registry.npmjs.org/canvg/-/canvg-3.0.11.tgz 3230ms (cache miss)
551 http fetch GET 200 https://registry.npmjs.org/@babel/runtime/-/runtime-7.29.2.tgz 3191ms (cache miss)
552 http fetch GET 200 https://registry.npmjs.org/@internationalized/date/-/date-3.12.1.tgz 3305ms (cache miss)
553 http fetch GET 200 https://registry.npmjs.org/axios/-/axios-1.16.0.tgz 3376ms (cache miss)
554 http fetch GET 200 https://registry.npmjs.org/@babel/helpers/-/helpers-7.29.2.tgz 3332ms (cache miss)
555 http fetch GET 200 https://registry.npmjs.org/sucrase/-/sucrase-3.35.1.tgz 3558ms (cache miss)
556 http fetch GET 200 https://registry.npmjs.org/victory-vendor/-/victory-vendor-37.3.6.tgz 3797ms (cache miss)
557 http fetch GET 200 https://registry.npmjs.org/@babel/types/-/types-7.29.0.tgz 3615ms (cache miss)
558 http fetch GET 200 https://registry.npmjs.org/react-dom/-/react-dom-19.2.6.tgz 3988ms (cache miss)
559 http fetch GET 200 https://registry.npmjs.org/@tanstack/react-query/-/react-query-5.100.9.tgz 3907ms (cache miss)
560 http fetch GET 200 https://registry.npmjs.org/@headlessui/react/-/react-2.2.10.tgz 3891ms (cache miss)
561 http fetch GET 200 https://registry.npmjs.org/@tanstack/query-core/-/query-core-5.100.9.tgz 3933ms (cache miss)
562 http fetch GET 200 https://registry.npmjs.org/xlsx/-/xlsx-0.18.5.tgz 4160ms (cache miss)
563 http fetch GET 200 https://registry.npmjs.org/codepage/-/codepage-1.15.0.tgz 4026ms (cache miss)
564 http fetch GET 200 https://registry.npmjs.org/tailwindcss/-/tailwindcss-3.4.19.tgz 4426ms (cache miss)
565 http fetch GET 200 https://registry.npmjs.org/lightningcss-linux-x64-musl/-/lightningcss-linux-x64-musl-1.32.0.tgz 4390ms (cache miss)
566 http fetch GET 200 https://registry.npmjs.org/eslint/-/eslint-10.3.0.tgz 4430ms (cache miss)
567 http fetch GET 200 https://registry.npmjs.org/@swc/helpers/-/helpers-0.5.21.tgz 4456ms (cache miss)
568 http fetch GET 200 https://registry.npmjs.org/html2canvas/-/html2canvas-1.4.1.tgz 4574ms (cache miss)
569 http fetch GET 200 https://registry.npmjs.org/@reduxjs/toolkit/-/toolkit-2.11.2.tgz 4554ms (cache miss)
570 http fetch GET 200 https://registry.npmjs.org/framer-motion/-/framer-motion-12.38.0.tgz 4655ms (cache miss)
571 http fetch GET 200 https://registry.npmjs.org/motion-dom/-/motion-dom-12.38.0.tgz 4711ms (cache miss)
572 http fetch GET 200 https://registry.npmjs.org/caniuse-lite/-/caniuse-lite-1.0.30001792.tgz 4831ms (cache miss)
573 http fetch GET 200 https://registry.npmjs.org/zod/-/zod-4.4.3.tgz 5095ms (cache miss)
574 http fetch GET 200 https://registry.npmjs.org/recharts/-/recharts-3.8.1.tgz 5395ms (cache miss)
575 http fetch GET 200 https://registry.npmjs.org/@rolldown/binding-linux-x64-musl/-/binding-linux-x64-musl-1.0.0-rc.18.tgz 5411ms (cache miss)
576 http fetch GET 200 https://registry.npmjs.org/@rolldown/binding-linux-x64-gnu/-/binding-linux-x64-gnu-1.0.0-rc.18.tgz 5416ms (cache miss)
577 http fetch GET 200 https://registry.npmjs.org/jspdf/-/jspdf-4.2.1.tgz 5695ms (cache miss)
578 http fetch GET 200 https://registry.npmjs.org/react-stately/-/react-stately-3.46.0.tgz 6169ms (cache miss)
579 http fetch GET 200 https://registry.npmjs.org/es-toolkit/-/es-toolkit-1.46.1.tgz 6247ms (cache miss)
580 http fetch GET 200 https://registry.npmjs.org/core-js/-/core-js-3.49.0.tgz 6548ms (cache miss)
581 http fetch GET 200 https://registry.npmjs.org/lucide-react/-/lucide-react-0.479.0.tgz 7093ms (cache miss)
582 http fetch GET 200 https://registry.npmjs.org/react-aria/-/react-aria-3.48.0.tgz 7702ms (cache miss)
583 info run core-js@3.49.0 postinstall node_modules/core-js node -e "try{require('./postinstall')}catch(e){}"
584 info run core-js@3.49.0 postinstall { code: 0, signal: null }
585 silly ADD node_modules/zod-validation-error
586 silly ADD node_modules/zod
587 silly ADD node_modules/yocto-queue
588 silly ADD node_modules/yallist
589 silly ADD node_modules/xlsx
590 silly ADD node_modules/word-wrap
591 silly ADD node_modules/word
592 silly ADD node_modules/wmf
593 silly ADD node_modules/which
594 silly ADD node_modules/vite
595 silly ADD node_modules/victory-vendor
596 silly ADD node_modules/utrie
597 silly ADD node_modules/util-deprecate
598 silly ADD node_modules/use-sync-external-store
599 silly ADD node_modules/uri-js
600 silly ADD node_modules/update-browserslist-db
601 silly ADD node_modules/type-check
602 silly ADD node_modules/tslib
603 silly ADD node_modules/ts-interface-checker
604 silly ADD node_modules/to-regex-range
605 silly ADD node_modules/tinyglobby
606 silly ADD node_modules/tiny-invariant
607 silly ADD node_modules/thenify-all
608 silly ADD node_modules/thenify
609 silly ADD node_modules/text-segmentation
610 silly ADD node_modules/tailwindcss
611 silly ADD node_modules/tailwind-merge
612 silly ADD node_modules/tabbable
613 silly ADD node_modules/svg-pathdata
614 silly ADD node_modules/supports-preserve-symlinks-flag
615 silly ADD node_modules/sucrase
616 silly ADD node_modules/stackblur-canvas
617 silly ADD node_modules/ssf
618 silly ADD node_modules/source-map-js
619 silly ADD node_modules/shebang-regex
620 silly ADD node_modules/shebang-command
621 silly ADD node_modules/semver
622 silly ADD node_modules/scheduler
623 silly ADD node_modules/run-parallel
624 silly ADD node_modules/rolldown
625 silly ADD node_modules/rolldown/node_modules/@rolldown/pluginutils
626 silly ADD node_modules/rgbcolor
627 silly ADD node_modules/reusify
628 silly ADD node_modules/resolve
629 silly ADD node_modules/reselect
630 silly ADD node_modules/regenerator-runtime
631 silly ADD node_modules/redux-thunk
632 silly ADD node_modules/redux
633 silly ADD node_modules/recharts
634 silly ADD node_modules/readdirp
635 silly ADD node_modules/readdirp/node_modules/picomatch
636 silly ADD node_modules/read-cache
637 silly ADD node_modules/react-stately
638 silly ADD node_modules/react-router-dom
639 silly ADD node_modules/react-router
640 silly ADD node_modules/react-redux
641 silly ADD node_modules/react-is
642 silly ADD node_modules/react-hot-toast
643 silly ADD node_modules/react-dom
644 silly ADD node_modules/react-aria
645 silly ADD node_modules/react
646 silly ADD node_modules/raf
647 silly ADD node_modules/queue-microtask
648 silly ADD node_modules/punycode
649 silly ADD node_modules/proxy-from-env
650 silly ADD node_modules/prelude-ls
651 silly ADD node_modules/postcss-value-parser
652 silly ADD node_modules/postcss-selector-parser
653 silly ADD node_modules/postcss-nested
654 silly ADD node_modules/postcss-load-config
655 silly ADD node_modules/postcss-js
656 silly ADD node_modules/postcss-import
657 silly ADD node_modules/postcss
658 silly ADD node_modules/pirates
659 silly ADD node_modules/pify
660 silly ADD node_modules/picomatch
661 silly ADD node_modules/picocolors
662 silly ADD node_modules/performance-now
663 silly ADD node_modules/path-parse
664 silly ADD node_modules/path-key
665 silly ADD node_modules/path-exists
666 silly ADD node_modules/pako
667 silly ADD node_modules/p-locate
668 silly ADD node_modules/p-limit
669 silly ADD node_modules/optionator
670 silly ADD node_modules/object-hash
671 silly ADD node_modules/object-assign
672 silly ADD node_modules/normalize-path
673 silly ADD node_modules/node-releases
674 silly ADD node_modules/natural-compare
675 silly ADD node_modules/nanoid
676 silly ADD node_modules/mz
677 silly ADD node_modules/ms
678 silly ADD node_modules/motion-utils
679 silly ADD node_modules/motion-dom
680 silly ADD node_modules/minimatch
681 silly ADD node_modules/mime-types
682 silly ADD node_modules/mime-db
683 silly ADD node_modules/micromatch
684 silly ADD node_modules/micromatch/node_modules/picomatch
685 silly ADD node_modules/merge2
686 silly ADD node_modules/math-intrinsics
687 silly ADD node_modules/lucide-react
688 silly ADD node_modules/lru-cache
689 silly ADD node_modules/locate-path
690 silly ADD node_modules/lines-and-columns
691 silly ADD node_modules/lilconfig
692 silly ADD
693 silly ADD
694 silly ADD node_modules/lightningcss-linux-x64-musl
695 silly ADD node_modules/lightningcss-linux-x64-gnu
696 silly ADD
697 silly ADD
698 silly ADD
699 silly ADD
700 silly ADD
701 silly ADD
702 silly ADD
703 silly ADD node_modules/lightningcss
704 silly ADD node_modules/levn
705 silly ADD node_modules/keyv
706 silly ADD node_modules/jspdf-autotable
707 silly ADD node_modules/jspdf
708 silly ADD node_modules/json5
709 silly ADD node_modules/json-stable-stringify-without-jsonify
710 silly ADD node_modules/json-schema-traverse
711 silly ADD node_modules/json-buffer
712 silly ADD node_modules/jsesc
713 silly ADD node_modules/js-tokens
714 silly ADD node_modules/jiti
715 silly ADD node_modules/isexe
716 silly ADD node_modules/is-number
717 silly ADD node_modules/is-glob
718 silly ADD node_modules/is-extglob
719 silly ADD node_modules/is-core-module
720 silly ADD node_modules/is-binary-path
721 silly ADD node_modules/iobuffer
722 silly ADD node_modules/internmap
723 silly ADD node_modules/imurmurhash
724 silly ADD node_modules/immer
725 silly ADD node_modules/ignore
726 silly ADD node_modules/html2canvas
727 silly ADD node_modules/hermes-parser
728 silly ADD node_modules/hermes-estree
729 silly ADD node_modules/hasown
730 silly ADD node_modules/has-tostringtag
731 silly ADD node_modules/has-symbols
732 silly ADD node_modules/gopd
733 silly ADD node_modules/goober
734 silly ADD node_modules/globals
735 silly ADD node_modules/glob-parent
736 silly ADD node_modules/get-proto
737 silly ADD node_modules/get-intrinsic
738 silly ADD node_modules/gensync
739 silly ADD node_modules/function-bind
740 silly ADD
741 silly ADD node_modules/framer-motion
742 silly ADD node_modules/fraction.js
743 silly ADD node_modules/frac
744 silly ADD node_modules/form-data
745 silly ADD node_modules/follow-redirects
746 silly ADD node_modules/flatted
747 silly ADD node_modules/flat-cache
748 silly ADD node_modules/find-up
749 silly ADD node_modules/fill-range
750 silly ADD node_modules/file-entry-cache
751 silly ADD node_modules/fflate
752 silly ADD node_modules/fdir
753 silly ADD node_modules/fastq
754 silly ADD node_modules/fast-png
755 silly ADD node_modules/fast-levenshtein
756 silly ADD node_modules/fast-json-stable-stringify
757 silly ADD node_modules/fast-glob
758 silly ADD node_modules/fast-glob/node_modules/glob-parent
759 silly ADD node_modules/fast-deep-equal
760 silly ADD node_modules/eventemitter3
761 silly ADD node_modules/esutils
762 silly ADD node_modules/estraverse
763 silly ADD node_modules/esrecurse
764 silly ADD node_modules/esquery
765 silly ADD node_modules/espree
766 silly ADD node_modules/eslint-visitor-keys
767 silly ADD node_modules/eslint-scope
768 silly ADD node_modules/eslint-plugin-react-refresh
769 silly ADD node_modules/eslint-plugin-react-hooks
770 silly ADD node_modules/eslint
771 silly ADD node_modules/escape-string-regexp
772 silly ADD node_modules/escalade
773 silly ADD node_modules/es-toolkit
774 silly ADD node_modules/es-set-tostringtag
775 silly ADD node_modules/es-object-atoms
776 silly ADD node_modules/es-errors
777 silly ADD node_modules/es-define-property
778 silly ADD node_modules/electron-to-chromium
779 silly ADD node_modules/dunder-proto
780 silly ADD node_modules/dompurify
781 silly ADD node_modules/dlv
782 silly ADD node_modules/didyoumean
783 silly ADD node_modules/detect-libc
784 silly ADD node_modules/delayed-stream
785 silly ADD node_modules/deep-is
786 silly ADD node_modules/decimal.js-light
787 silly ADD node_modules/debug
788 silly ADD node_modules/d3-timer
789 silly ADD node_modules/d3-time-format
790 silly ADD node_modules/d3-time
791 silly ADD node_modules/d3-shape
792 silly ADD node_modules/d3-scale
793 silly ADD node_modules/d3-path
794 silly ADD node_modules/d3-interpolate
795 silly ADD node_modules/d3-format
796 silly ADD node_modules/d3-ease
797 silly ADD node_modules/d3-color
798 silly ADD node_modules/d3-array
799 silly ADD node_modules/csstype
800 silly ADD node_modules/cssesc
801 silly ADD node_modules/css-line-break
802 silly ADD node_modules/cross-spawn
803 silly ADD node_modules/crc-32
804 silly ADD node_modules/core-js
805 silly ADD node_modules/convert-source-map
806 silly ADD node_modules/commander
807 silly ADD node_modules/combined-stream
808 silly ADD node_modules/codepage
809 silly ADD node_modules/clsx
810 silly ADD node_modules/chokidar
811 silly ADD node_modules/chokidar/node_modules/glob-parent
812 silly ADD node_modules/cfb
813 silly ADD node_modules/canvg
814 silly ADD node_modules/caniuse-lite
815 silly ADD node_modules/camelcase-css
816 silly ADD node_modules/call-bind-apply-helpers
817 silly ADD node_modules/browserslist
818 silly ADD node_modules/braces
819 silly ADD node_modules/brace-expansion
820 silly ADD node_modules/binary-extensions
821 silly ADD node_modules/baseline-browser-mapping
822 silly ADD node_modules/base64-arraybuffer
823 silly ADD node_modules/balanced-match
824 silly ADD node_modules/axios
825 silly ADD node_modules/autoprefixer
826 silly ADD node_modules/asynckit
827 silly ADD node_modules/aria-hidden
828 silly ADD node_modules/arg
829 silly ADD node_modules/anymatch
830 silly ADD node_modules/anymatch/node_modules/picomatch
831 silly ADD node_modules/any-promise
832 silly ADD node_modules/ajv
833 silly ADD node_modules/adler-32
834 silly ADD node_modules/acorn-jsx
835 silly ADD node_modules/acorn
836 silly ADD node_modules/@vitejs/plugin-react
837 silly ADD node_modules/@types/use-sync-external-store
838 silly ADD node_modules/@types/trusted-types
839 silly ADD node_modules/@types/react-dom
840 silly ADD node_modules/@types/react
841 silly ADD node_modules/@types/raf
842 silly ADD node_modules/@types/pako
843 silly ADD node_modules/@types/json-schema
844 silly ADD node_modules/@types/estree
845 silly ADD node_modules/@types/esrecurse
846 silly ADD node_modules/@types/d3-timer
847 silly ADD node_modules/@types/d3-time
848 silly ADD node_modules/@types/d3-shape
849 silly ADD node_modules/@types/d3-scale
850 silly ADD node_modules/@types/d3-path
851 silly ADD node_modules/@types/d3-interpolate
852 silly ADD node_modules/@types/d3-ease
853 silly ADD node_modules/@types/d3-color
854 silly ADD node_modules/@types/d3-array
855 silly ADD
856 silly ADD node_modules/@tanstack/virtual-core
857 silly ADD node_modules/@tanstack/react-virtual
858 silly ADD node_modules/@tanstack/react-query
859 silly ADD node_modules/@tanstack/query-core
860 silly ADD node_modules/@swc/helpers
861 silly ADD node_modules/@standard-schema/utils
862 silly ADD node_modules/@standard-schema/spec
863 silly ADD node_modules/@rolldown/pluginutils
864 silly ADD
865 silly ADD
866 silly ADD
867 silly ADD
868 silly ADD node_modules/@rolldown/binding-linux-x64-musl
869 silly ADD node_modules/@rolldown/binding-linux-x64-gnu
870 silly ADD
871 silly ADD
872 silly ADD
873 silly ADD
874 silly ADD
875 silly ADD
876 silly ADD
877 silly ADD
878 silly ADD
879 silly ADD node_modules/@remix-run/router
880 silly ADD node_modules/@reduxjs/toolkit
881 silly ADD node_modules/@reduxjs/toolkit/node_modules/immer
882 silly ADD node_modules/@react-types/shared
883 silly ADD node_modules/@react-aria/interactions
884 silly ADD node_modules/@react-aria/focus
885 silly ADD node_modules/@radix-ui/react-slot
886 silly ADD node_modules/@radix-ui/react-compose-refs
887 silly ADD node_modules/@oxc-project/types
888 silly ADD node_modules/@nodelib/fs.walk
889 silly ADD node_modules/@nodelib/fs.stat
890 silly ADD node_modules/@nodelib/fs.scandir
891 silly ADD
892 silly ADD node_modules/@jridgewell/trace-mapping
893 silly ADD node_modules/@jridgewell/sourcemap-codec
894 silly ADD node_modules/@jridgewell/resolve-uri
895 silly ADD node_modules/@jridgewell/remapping
896 silly ADD node_modules/@jridgewell/gen-mapping
897 silly ADD node_modules/@internationalized/string
898 silly ADD node_modules/@internationalized/number
899 silly ADD node_modules/@internationalized/date
900 silly ADD node_modules/@humanwhocodes/retry
901 silly ADD node_modules/@humanwhocodes/module-importer
902 silly ADD node_modules/@humanfs/types
903 silly ADD node_modules/@humanfs/node
904 silly ADD node_modules/@humanfs/core
905 silly ADD node_modules/@headlessui/react
906 silly ADD node_modules/@floating-ui/utils
907 silly ADD node_modules/@floating-ui/react-dom
908 silly ADD node_modules/@floating-ui/react
909 silly ADD node_modules/@floating-ui/dom
910 silly ADD node_modules/@floating-ui/core
911 silly ADD node_modules/@eslint/plugin-kit
912 silly ADD node_modules/@eslint/object-schema
913 silly ADD node_modules/@eslint/js
914 silly ADD node_modules/@eslint/core
915 silly ADD node_modules/@eslint/config-helpers
916 silly ADD node_modules/@eslint/config-array
917 silly ADD node_modules/@eslint-community/regexpp
918 silly ADD node_modules/@eslint-community/eslint-utils
919 silly ADD node_modules/@eslint-community/eslint-utils/node_modules/eslint-visitor-keys
920 silly ADD
921 silly ADD
922 silly ADD
923 silly ADD node_modules/@babel/types
924 silly ADD node_modules/@babel/traverse
925 silly ADD node_modules/@babel/template
926 silly ADD node_modules/@babel/runtime
927 silly ADD node_modules/@babel/parser
928 silly ADD node_modules/@babel/helpers
929 silly ADD node_modules/@babel/helper-validator-option
930 silly ADD node_modules/@babel/helper-validator-identifier
931 silly ADD node_modules/@babel/helper-string-parser
932 silly ADD node_modules/@babel/helper-module-transforms
933 silly ADD node_modules/@babel/helper-module-imports
934 silly ADD node_modules/@babel/helper-globals
935 silly ADD node_modules/@babel/helper-compilation-targets
936 silly ADD node_modules/@babel/generator
937 silly ADD node_modules/@babel/core
938 silly ADD node_modules/@babel/compat-data
939 silly ADD node_modules/@babel/code-frame
940 silly ADD node_modules/@alloc/quick-lru
941 verbose cwd /home/user/frontend
942 verbose os Linux 6.1.158+
943 verbose node v20.20.2
944 verbose npm  v10.8.2
945 verbose exit 0
946 info ok
