0 verbose cli /usr/bin/node /usr/bin/npm
1 info using npm@10.8.2
2 info using node@v20.20.2
3 silly config load:file:/usr/lib/node_modules/npm/npmrc
4 silly config load:file:/home/user/frontend/.npmrc
5 silly config load:file:/home/user/.npmrc
6 silly config load:file:/usr/etc/npmrc
7 verbose title npm install
8 verbose argv "install"
9 verbose logfile logs-max:10 dir:/home/user/.npm/_logs/2026-06-03T18_27_26_419Z-
10 verbose logfile /home/user/.npm/_logs/2026-06-03T18_27_26_419Z-debug-0.log
11 silly packumentCache heap:1002438656 maxSize:250609664 maxEntrySize:125304832
12 silly logfile done cleaning log files
13 silly idealTree buildDeps
14 silly reify moves {}
15 silly audit bulk request {
15 silly audit   '@alloc/quick-lru': [ '5.2.0' ],
15 silly audit   '@babel/code-frame': [ '7.29.0' ],
15 silly audit   '@babel/compat-data': [ '7.29.3' ],
15 silly audit   '@babel/core': [ '7.29.0' ],
15 silly audit   '@babel/generator': [ '7.29.1' ],
15 silly audit   '@babel/helper-compilation-targets': [ '7.28.6' ],
15 silly audit   '@babel/helper-globals': [ '7.28.0' ],
15 silly audit   '@babel/helper-module-imports': [ '7.28.6' ],
15 silly audit   '@babel/helper-module-transforms': [ '7.28.6' ],
15 silly audit   '@babel/helper-string-parser': [ '7.27.1' ],
15 silly audit   '@babel/helper-validator-identifier': [ '7.28.5' ],
15 silly audit   '@babel/helper-validator-option': [ '7.27.1' ],
15 silly audit   '@babel/helpers': [ '7.29.2' ],
15 silly audit   '@babel/parser': [ '7.29.3' ],
15 silly audit   '@babel/runtime': [ '7.29.2' ],
15 silly audit   '@babel/template': [ '7.28.6' ],
15 silly audit   '@babel/traverse': [ '7.29.0' ],
15 silly audit   '@babel/types': [ '7.29.0' ],
15 silly audit   '@emnapi/core': [ '1.10.0' ],
15 silly audit   '@emnapi/runtime': [ '1.10.0' ],
15 silly audit   '@emnapi/wasi-threads': [ '1.2.1' ],
15 silly audit   '@eslint-community/eslint-utils': [ '4.9.1' ],
15 silly audit   'eslint-visitor-keys': [ '3.4.3', '5.0.1' ],
15 silly audit   '@eslint-community/regexpp': [ '4.12.2' ],
15 silly audit   '@eslint/config-array': [ '0.23.5' ],
15 silly audit   '@eslint/config-helpers': [ '0.5.5' ],
15 silly audit   '@eslint/core': [ '1.2.1' ],
15 silly audit   '@eslint/js': [ '10.0.1' ],
15 silly audit   '@eslint/object-schema': [ '3.0.5' ],
15 silly audit   '@eslint/plugin-kit': [ '0.7.1' ],
15 silly audit   '@floating-ui/core': [ '1.7.5' ],
15 silly audit   '@floating-ui/dom': [ '1.7.6' ],
15 silly audit   '@floating-ui/react': [ '0.26.28' ],
15 silly audit   '@floating-ui/react-dom': [ '2.1.8' ],
15 silly audit   '@floating-ui/utils': [ '0.2.11' ],
15 silly audit   '@headlessui/react': [ '2.2.10' ],
15 silly audit   '@humanfs/core': [ '0.19.2' ],
15 silly audit   '@humanfs/node': [ '0.16.8' ],
15 silly audit   '@humanfs/types': [ '0.15.0' ],
15 silly audit   '@humanwhocodes/module-importer': [ '1.0.1' ],
15 silly audit   '@humanwhocodes/retry': [ '0.4.3' ],
15 silly audit   '@internationalized/date': [ '3.12.1' ],
15 silly audit   '@internationalized/number': [ '3.6.6' ],
15 silly audit   '@internationalized/string': [ '3.2.8' ],
15 silly audit   '@jridgewell/gen-mapping': [ '0.3.13' ],
15 silly audit   '@jridgewell/remapping': [ '2.3.5' ],
15 silly audit   '@jridgewell/resolve-uri': [ '3.1.2' ],
15 silly audit   '@jridgewell/sourcemap-codec': [ '1.5.5' ],
15 silly audit   '@jridgewell/trace-mapping': [ '0.3.31' ],
15 silly audit   '@napi-rs/wasm-runtime': [ '1.1.4' ],
15 silly audit   '@nodelib/fs.scandir': [ '2.1.5' ],
15 silly audit   '@nodelib/fs.stat': [ '2.0.5' ],
15 silly audit   '@nodelib/fs.walk': [ '1.2.8' ],
15 silly audit   '@oxc-project/types': [ '0.128.0' ],
15 silly audit   '@radix-ui/react-compose-refs': [ '1.1.2' ],
15 silly audit   '@radix-ui/react-slot': [ '1.2.4' ],
15 silly audit   '@react-aria/focus': [ '3.22.0' ],
15 silly audit   '@react-aria/interactions': [ '3.28.0' ],
15 silly audit   '@react-types/shared': [ '3.34.0' ],
15 silly audit   '@reduxjs/toolkit': [ '2.11.2' ],
15 silly audit   immer: [ '11.1.7', '10.2.0' ],
15 silly audit   '@remix-run/router': [ '1.23.2' ],
15 silly audit   '@rolldown/binding-android-arm64': [ '1.0.0-rc.18' ],
15 silly audit   '@rolldown/binding-darwin-arm64': [ '1.0.0-rc.18' ],
15 silly audit   '@rolldown/binding-darwin-x64': [ '1.0.0-rc.18' ],
15 silly audit   '@rolldown/binding-freebsd-x64': [ '1.0.0-rc.18' ],
15 silly audit   '@rolldown/binding-linux-arm-gnueabihf': [ '1.0.0-rc.18' ],
15 silly audit   '@rolldown/binding-linux-arm64-gnu': [ '1.0.0-rc.18' ],
15 silly audit   '@rolldown/binding-linux-arm64-musl': [ '1.0.0-rc.18' ],
15 silly audit   '@rolldown/binding-linux-ppc64-gnu': [ '1.0.0-rc.18' ],
15 silly audit   '@rolldown/binding-linux-s390x-gnu': [ '1.0.0-rc.18' ],
15 silly audit   '@rolldown/binding-linux-x64-gnu': [ '1.0.0-rc.18' ],
15 silly audit   '@rolldown/binding-linux-x64-musl': [ '1.0.0-rc.18' ],
15 silly audit   '@rolldown/binding-openharmony-arm64': [ '1.0.0-rc.18' ],
15 silly audit   '@rolldown/binding-wasm32-wasi': [ '1.0.0-rc.18' ],
15 silly audit   '@rolldown/binding-win32-arm64-msvc': [ '1.0.0-rc.18' ],
15 silly audit   '@rolldown/binding-win32-x64-msvc': [ '1.0.0-rc.18' ],
15 silly audit   '@rolldown/pluginutils': [ '1.0.0-rc.7', '1.0.0-rc.18' ],
15 silly audit   '@standard-schema/spec': [ '1.1.0' ],
15 silly audit   '@standard-schema/utils': [ '0.3.0' ],
15 silly audit   '@swc/helpers': [ '0.5.21' ],
15 silly audit   '@tanstack/query-core': [ '5.100.9' ],
15 silly audit   '@tanstack/react-query': [ '5.100.9' ],
15 silly audit   '@tanstack/react-virtual': [ '3.13.24' ],
15 silly audit   '@tanstack/virtual-core': [ '3.14.0' ],
15 silly audit   '@tybys/wasm-util': [ '0.10.2' ],
15 silly audit   '@types/d3-array': [ '3.2.2' ],
15 silly audit   '@types/d3-color': [ '3.1.3' ],
15 silly audit   '@types/d3-ease': [ '3.0.2' ],
15 silly audit   '@types/d3-interpolate': [ '3.0.4' ],
15 silly audit   '@types/d3-path': [ '3.1.1' ],
15 silly audit   '@types/d3-scale': [ '4.0.9' ],
15 silly audit   '@types/d3-shape': [ '3.1.8' ],
15 silly audit   '@types/d3-time': [ '3.0.4' ],
15 silly audit   '@types/d3-timer': [ '3.0.2' ],
15 silly audit   '@types/esrecurse': [ '4.3.1' ],
15 silly audit   '@types/estree': [ '1.0.9' ],
15 silly audit   '@types/json-schema': [ '7.0.15' ],
15 silly audit   '@types/pako': [ '2.0.4' ],
15 silly audit   '@types/raf': [ '3.4.3' ],
15 silly audit   '@types/react': [ '19.2.14' ],
15 silly audit   '@types/react-dom': [ '19.2.3' ],
15 silly audit   '@types/trusted-types': [ '2.0.7' ],
15 silly audit   '@types/use-sync-external-store': [ '0.0.6' ],
15 silly audit   '@vitejs/plugin-react': [ '6.0.1' ],
15 silly audit   acorn: [ '8.16.0' ],
15 silly audit   'acorn-jsx': [ '5.3.2' ],
15 silly audit   'adler-32': [ '1.3.1' ],
15 silly audit   ajv: [ '6.15.0' ],
15 silly audit   'any-promise': [ '1.3.0' ],
15 silly audit   anymatch: [ '3.1.3' ],
15 silly audit   picomatch: [ '2.3.2', '4.0.4' ],
15 silly audit   arg: [ '5.0.2' ],
15 silly audit   'aria-hidden': [ '1.2.6' ],
15 silly audit   asynckit: [ '0.4.0' ],
15 silly audit   autoprefixer: [ '10.5.0' ],
15 silly audit   axios: [ '1.16.0' ],
15 silly audit   'balanced-match': [ '4.0.4' ],
15 silly audit   'base64-arraybuffer': [ '1.0.2' ],
15 silly audit   'baseline-browser-mapping': [ '2.10.27' ],
15 silly audit   'binary-extensions': [ '2.3.0' ],
15 silly audit   'brace-expansion': [ '5.0.6' ],
15 silly audit   braces: [ '3.0.3' ],
15 silly audit   browserslist: [ '4.28.2' ],
15 silly audit   'call-bind-apply-helpers': [ '1.0.2' ],
15 silly audit   'camelcase-css': [ '2.0.1' ],
15 silly audit   'caniuse-lite': [ '1.0.30001792' ],
15 silly audit   canvg: [ '3.0.11' ],
15 silly audit   cfb: [ '1.2.2' ],
15 silly audit   chokidar: [ '3.6.0' ],
15 silly audit   'glob-parent': [ '5.1.2', '6.0.2' ],
15 silly audit   clsx: [ '2.1.1' ],
15 silly audit   codepage: [ '1.15.0' ],
15 silly audit   'combined-stream': [ '1.0.8' ],
15 silly audit   commander: [ '4.1.1' ],
15 silly audit   'convert-source-map': [ '2.0.0' ],
15 silly audit   'core-js': [ '3.49.0' ],
15 silly audit   'crc-32': [ '1.2.2' ],
15 silly audit   'cross-spawn': [ '7.0.6' ],
15 silly audit   'css-line-break': [ '2.1.0' ],
15 silly audit   cssesc: [ '3.0.0' ],
15 silly audit   csstype: [ '3.2.3' ],
15 silly audit   'd3-array': [ '3.2.4' ],
15 silly audit   'd3-color': [ '3.1.0' ],
15 silly audit   'd3-ease': [ '3.0.1' ],
15 silly audit   'd3-format': [ '3.1.2' ],
15 silly audit   'd3-interpolate': [ '3.0.1' ],
15 silly audit   'd3-path': [ '3.1.0' ],
15 silly audit   'd3-scale': [ '4.0.2' ],
15 silly audit   'd3-shape': [ '3.2.0' ],
15 silly audit   'd3-time': [ '3.1.0' ],
15 silly audit   'd3-time-format': [ '4.1.0' ],
15 silly audit   'd3-timer': [ '3.0.1' ],
15 silly audit   debug: [ '4.4.3' ],
15 silly audit   'decimal.js-light': [ '2.5.1' ],
15 silly audit   'deep-is': [ '0.1.4' ],
15 silly audit   'delayed-stream': [ '1.0.0' ],
15 silly audit   'detect-libc': [ '2.1.2' ],
15 silly audit   didyoumean: [ '1.2.2' ],
15 silly audit   dlv: [ '1.1.3' ],
15 silly audit   dompurify: [ '3.4.2' ],
15 silly audit   'dunder-proto': [ '1.0.1' ],
15 silly audit   'electron-to-chromium': [ '1.5.352' ],
15 silly audit   'es-define-property': [ '1.0.1' ],
15 silly audit   'es-errors': [ '1.3.0' ],
15 silly audit   'es-object-atoms': [ '1.1.1' ],
15 silly audit   'es-set-tostringtag': [ '2.1.0' ],
15 silly audit   'es-toolkit': [ '1.46.1' ],
15 silly audit   escalade: [ '3.2.0' ],
15 silly audit   'escape-string-regexp': [ '4.0.0' ],
15 silly audit   eslint: [ '10.3.0' ],
15 silly audit   'eslint-plugin-react-hooks': [ '7.1.1' ],
15 silly audit   'eslint-plugin-react-refresh': [ '0.5.2' ],
15 silly audit   'eslint-scope': [ '9.1.2' ],
15 silly audit   espree: [ '11.2.0' ],
15 silly audit   esquery: [ '1.7.0' ],
15 silly audit   esrecurse: [ '4.3.0' ],
15 silly audit   estraverse: [ '5.3.0' ],
15 silly audit   esutils: [ '2.0.3' ],
15 silly audit   eventemitter3: [ '5.0.4' ],
15 silly audit   'fast-deep-equal': [ '3.1.3' ],
15 silly audit   'fast-glob': [ '3.3.3' ],
15 silly audit   'fast-json-stable-stringify': [ '2.1.0' ],
15 silly audit   'fast-levenshtein': [ '2.0.6' ],
15 silly audit   'fast-png': [ '6.4.0' ],
15 silly audit   fastq: [ '1.20.1' ],
15 silly audit   fdir: [ '6.5.0' ],
15 silly audit   fflate: [ '0.8.2' ],
15 silly audit   'file-entry-cache': [ '8.0.0' ],
15 silly audit   'fill-range': [ '7.1.1' ],
15 silly audit   'find-up': [ '5.0.0' ],
15 silly audit   'flat-cache': [ '4.0.1' ],
15 silly audit   flatted: [ '3.4.2' ],
15 silly audit   'follow-redirects': [ '1.16.0' ],
15 silly audit   'form-data': [ '4.0.5' ],
15 silly audit   frac: [ '1.1.2' ],
15 silly audit   'fraction.js': [ '5.3.4' ],
15 silly audit   'framer-motion': [ '12.38.0' ],
15 silly audit   fsevents: [ '2.3.3' ],
15 silly audit   'function-bind': [ '1.1.2' ],
15 silly audit   gensync: [ '1.0.0-beta.2' ],
15 silly audit   'get-intrinsic': [ '1.3.0' ],
15 silly audit   'get-proto': [ '1.0.1' ],
15 silly audit   globals: [ '17.6.0' ],
15 silly audit   goober: [ '2.1.18' ],
15 silly audit   gopd: [ '1.2.0' ],
15 silly audit   'has-symbols': [ '1.1.0' ],
15 silly audit   'has-tostringtag': [ '1.0.2' ],
15 silly audit   hasown: [ '2.0.3' ],
15 silly audit   'hermes-estree': [ '0.25.1' ],
15 silly audit   'hermes-parser': [ '0.25.1' ],
15 silly audit   html2canvas: [ '1.4.1' ],
15 silly audit   ignore: [ '5.3.2' ],
15 silly audit   imurmurhash: [ '0.1.4' ],
15 silly audit   internmap: [ '2.0.3' ],
15 silly audit   iobuffer: [ '5.4.0' ],
15 silly audit   'is-binary-path': [ '2.1.0' ],
15 silly audit   'is-core-module': [ '2.16.2' ],
15 silly audit   'is-extglob': [ '2.1.1' ],
15 silly audit   'is-glob': [ '4.0.3' ],
15 silly audit   'is-number': [ '7.0.0' ],
15 silly audit   isexe: [ '2.0.0' ],
15 silly audit   jiti: [ '1.21.7' ],
15 silly audit   'js-tokens': [ '4.0.0' ],
15 silly audit   jsesc: [ '3.1.0' ],
15 silly audit   'json-buffer': [ '3.0.1' ],
15 silly audit   'json-schema-traverse': [ '0.4.1' ],
15 silly audit   'json-stable-stringify-without-jsonify': [ '1.0.1' ],
15 silly audit   json5: [ '2.2.3' ],
15 silly audit   jspdf: [ '4.2.1' ],
15 silly audit   'jspdf-autotable': [ '5.0.7' ],
15 silly audit   keyv: [ '4.5.4' ],
15 silly audit   levn: [ '0.4.1' ],
15 silly audit   lightningcss: [ '1.32.0' ],
15 silly audit   'lightningcss-android-arm64': [ '1.32.0' ],
15 silly audit   'lightningcss-darwin-arm64': [ '1.32.0' ],
15 silly audit   'lightningcss-darwin-x64': [ '1.32.0' ],
15 silly audit   'lightningcss-freebsd-x64': [ '1.32.0' ],
15 silly audit   'lightningcss-linux-arm-gnueabihf': [ '1.32.0' ],
15 silly audit   'lightningcss-linux-arm64-gnu': [ '1.32.0' ],
15 silly audit   'lightningcss-linux-arm64-musl': [ '1.32.0' ],
15 silly audit   'lightningcss-linux-x64-gnu': [ '1.32.0' ],
15 silly audit   'lightningcss-linux-x64-musl': [ '1.32.0' ],
15 silly audit   'lightningcss-win32-arm64-msvc': [ '1.32.0' ],
15 silly audit   'lightningcss-win32-x64-msvc': [ '1.32.0' ],
15 silly audit   lilconfig: [ '3.1.3' ],
15 silly audit   'lines-and-columns': [ '1.2.4' ],
15 silly audit   'locate-path': [ '6.0.0' ],
15 silly audit   'lru-cache': [ '5.1.1' ],
15 silly audit   'lucide-react': [ '0.479.0' ],
15 silly audit   'math-intrinsics': [ '1.1.0' ],
15 silly audit   merge2: [ '1.4.1' ],
15 silly audit   micromatch: [ '4.0.8' ],
15 silly audit   'mime-db': [ '1.52.0' ],
15 silly audit   'mime-types': [ '2.1.35' ],
15 silly audit   minimatch: [ '10.2.5' ],
15 silly audit   'motion-dom': [ '12.38.0' ],
15 silly audit   'motion-utils': [ '12.36.0' ],
15 silly audit   ms: [ '2.1.3' ],
15 silly audit   mz: [ '2.7.0' ],
15 silly audit   nanoid: [ '3.3.12' ],
15 silly audit   'natural-compare': [ '1.4.0' ],
15 silly audit   'node-releases': [ '2.0.38' ],
15 silly audit   'normalize-path': [ '3.0.0' ],
15 silly audit   'object-assign': [ '4.1.1' ],
15 silly audit   'object-hash': [ '3.0.0' ],
15 silly audit   optionator: [ '0.9.4' ],
15 silly audit   'p-limit': [ '3.1.0' ],
15 silly audit   'p-locate': [ '5.0.0' ],
15 silly audit   pako: [ '2.1.0' ],
15 silly audit   'path-exists': [ '4.0.0' ],
15 silly audit   'path-key': [ '3.1.1' ],
15 silly audit   'path-parse': [ '1.0.7' ],
15 silly audit   'performance-now': [ '2.1.0' ],
15 silly audit   picocolors: [ '1.1.1' ],
15 silly audit   pify: [ '2.3.0' ],
15 silly audit   pirates: [ '4.0.7' ],
15 silly audit   postcss: [ '8.5.14' ],
15 silly audit   'postcss-import': [ '15.1.0' ],
15 silly audit   'postcss-js': [ '4.1.0' ],
15 silly audit   'postcss-load-config': [ '6.0.1' ],
15 silly audit   'postcss-nested': [ '6.2.0' ],
15 silly audit   'postcss-selector-parser': [ '6.1.2' ],
15 silly audit   'postcss-value-parser': [ '4.2.0' ],
15 silly audit   'prelude-ls': [ '1.2.1' ],
15 silly audit   'proxy-from-env': [ '2.1.0' ],
15 silly audit   punycode: [ '2.3.1' ],
15 silly audit   'queue-microtask': [ '1.2.3' ],
15 silly audit   raf: [ '3.4.1' ],
15 silly audit   react: [ '19.2.6' ],
15 silly audit   'react-aria': [ '3.48.0' ],
15 silly audit   'react-dom': [ '19.2.6' ],
15 silly audit   'react-hot-toast': [ '2.6.0' ],
15 silly audit   'react-is': [ '19.2.6' ],
15 silly audit   'react-redux': [ '9.2.0' ],
15 silly audit   'react-router': [ '6.30.3' ],
15 silly audit   'react-router-dom': [ '6.30.3' ],
15 silly audit   'react-stately': [ '3.46.0' ],
15 silly audit   'read-cache': [ '1.0.0' ],
15 silly audit   readdirp: [ '3.6.0' ],
15 silly audit   recharts: [ '3.8.1' ],
15 silly audit   redux: [ '5.0.1' ],
15 silly audit   'redux-thunk': [ '3.1.0' ],
15 silly audit   'regenerator-runtime': [ '0.13.11' ],
15 silly audit   reselect: [ '5.1.1' ],
15 silly audit   resolve: [ '1.22.12' ],
15 silly audit   reusify: [ '1.1.0' ],
15 silly audit   rgbcolor: [ '1.0.1' ],
15 silly audit   rolldown: [ '1.0.0-rc.18' ],
15 silly audit   'run-parallel': [ '1.2.0' ],
15 silly audit   scheduler: [ '0.27.0' ],
15 silly audit   semver: [ '6.3.1' ],
15 silly audit   'shebang-command': [ '2.0.0' ],
15 silly audit   'shebang-regex': [ '3.0.0' ],
15 silly audit   'source-map-js': [ '1.2.1' ],
15 silly audit   ssf: [ '0.11.2' ],
15 silly audit   'stackblur-canvas': [ '2.7.0' ],
15 silly audit   sucrase: [ '3.35.1' ],
15 silly audit   'supports-preserve-symlinks-flag': [ '1.0.0' ],
15 silly audit   'svg-pathdata': [ '6.0.3' ],
15 silly audit   tabbable: [ '6.4.0' ],
15 silly audit   'tailwind-merge': [ '3.5.0' ],
15 silly audit   tailwindcss: [ '3.4.19' ],
15 silly audit   'text-segmentation': [ '1.0.3' ],
15 silly audit   thenify: [ '3.3.1' ],
15 silly audit   'thenify-all': [ '1.6.0' ],
15 silly audit   'tiny-invariant': [ '1.3.3' ],
15 silly audit   tinyglobby: [ '0.2.16' ],
15 silly audit   'to-regex-range': [ '5.0.1' ],
15 silly audit   'ts-interface-checker': [ '0.1.13' ],
15 silly audit   tslib: [ '2.8.1' ],
15 silly audit   'type-check': [ '0.4.0' ],
15 silly audit   'update-browserslist-db': [ '1.2.3' ],
15 silly audit   'uri-js': [ '4.4.1' ],
15 silly audit   'use-sync-external-store': [ '1.6.0' ],
15 silly audit   'util-deprecate': [ '1.0.2' ],
15 silly audit   utrie: [ '1.0.2' ],
15 silly audit   'victory-vendor': [ '37.3.6' ],
15 silly audit   vite: [ '8.0.11' ],
15 silly audit   which: [ '2.0.2' ],
15 silly audit   wmf: [ '1.0.2' ],
15 silly audit   word: [ '0.3.0' ],
15 silly audit   'word-wrap': [ '1.2.5' ],
15 silly audit   xlsx: [ '0.18.5' ],
15 silly audit   yallist: [ '3.1.1' ],
15 silly audit   'yocto-queue': [ '0.1.0' ],
15 silly audit   zod: [ '4.4.3' ],
15 silly audit   'zod-validation-error': [ '4.0.2' ]
15 silly audit }
16 verbose reify failed optional dependency /home/user/frontend/node_modules/lightningcss-win32-x64-msvc
17 silly reify mark deleted [ '/home/user/frontend/node_modules/lightningcss-win32-x64-msvc' ]
18 verbose reify failed optional dependency /home/user/frontend/node_modules/lightningcss-win32-arm64-msvc
19 silly reify mark deleted [ '/home/user/frontend/node_modules/lightningcss-win32-arm64-msvc' ]
20 verbose reify failed optional dependency /home/user/frontend/node_modules/lightningcss-linux-arm64-musl
21 silly reify mark deleted [ '/home/user/frontend/node_modules/lightningcss-linux-arm64-musl' ]
22 verbose reify failed optional dependency /home/user/frontend/node_modules/lightningcss-linux-arm64-gnu
23 silly reify mark deleted [ '/home/user/frontend/node_modules/lightningcss-linux-arm64-gnu' ]
24 verbose reify failed optional dependency /home/user/frontend/node_modules/lightningcss-linux-arm-gnueabihf
25 silly reify mark deleted [ '/home/user/frontend/node_modules/lightningcss-linux-arm-gnueabihf' ]
26 verbose reify failed optional dependency /home/user/frontend/node_modules/lightningcss-freebsd-x64
27 silly reify mark deleted [ '/home/user/frontend/node_modules/lightningcss-freebsd-x64' ]
28 verbose reify failed optional dependency /home/user/frontend/node_modules/lightningcss-darwin-x64
29 silly reify mark deleted [ '/home/user/frontend/node_modules/lightningcss-darwin-x64' ]
30 verbose reify failed optional dependency /home/user/frontend/node_modules/lightningcss-darwin-arm64
31 silly reify mark deleted [ '/home/user/frontend/node_modules/lightningcss-darwin-arm64' ]
32 verbose reify failed optional dependency /home/user/frontend/node_modules/lightningcss-android-arm64
33 silly reify mark deleted [ '/home/user/frontend/node_modules/lightningcss-android-arm64' ]
34 verbose reify failed optional dependency /home/user/frontend/node_modules/fsevents
35 silly reify mark deleted [ '/home/user/frontend/node_modules/fsevents' ]
36 verbose reify failed optional dependency /home/user/frontend/node_modules/@rolldown/binding-win32-x64-msvc
37 silly reify mark deleted [ '/home/user/frontend/node_modules/@rolldown/binding-win32-x64-msvc' ]
38 verbose reify failed optional dependency /home/user/frontend/node_modules/@rolldown/binding-win32-arm64-msvc
39 silly reify mark deleted [
39 silly reify   '/home/user/frontend/node_modules/@rolldown/binding-win32-arm64-msvc'
39 silly reify ]
40 verbose reify failed optional dependency /home/user/frontend/node_modules/@rolldown/binding-wasm32-wasi
41 silly reify mark deleted [ '/home/user/frontend/node_modules/@rolldown/binding-wasm32-wasi' ]
42 verbose reify failed optional dependency /home/user/frontend/node_modules/@emnapi/core
43 silly reify mark deleted [ '/home/user/frontend/node_modules/@emnapi/core' ]
44 verbose reify failed optional dependency /home/user/frontend/node_modules/@emnapi/runtime
45 silly reify mark deleted [ '/home/user/frontend/node_modules/@emnapi/runtime' ]
46 verbose reify failed optional dependency /home/user/frontend/node_modules/@napi-rs/wasm-runtime
47 silly reify mark deleted [ '/home/user/frontend/node_modules/@napi-rs/wasm-runtime' ]
48 verbose reify failed optional dependency /home/user/frontend/node_modules/@emnapi/wasi-threads
49 silly reify mark deleted [ '/home/user/frontend/node_modules/@emnapi/wasi-threads' ]
50 verbose reify failed optional dependency /home/user/frontend/node_modules/@tybys/wasm-util
51 silly reify mark deleted [ '/home/user/frontend/node_modules/@tybys/wasm-util' ]
52 verbose reify failed optional dependency /home/user/frontend/node_modules/@rolldown/binding-openharmony-arm64
53 silly reify mark deleted [
53 silly reify   '/home/user/frontend/node_modules/@rolldown/binding-openharmony-arm64'
53 silly reify ]
54 verbose reify failed optional dependency /home/user/frontend/node_modules/@rolldown/binding-linux-s390x-gnu
55 silly reify mark deleted [
55 silly reify   '/home/user/frontend/node_modules/@rolldown/binding-linux-s390x-gnu'
55 silly reify ]
56 verbose reify failed optional dependency /home/user/frontend/node_modules/@rolldown/binding-linux-ppc64-gnu
57 silly reify mark deleted [
57 silly reify   '/home/user/frontend/node_modules/@rolldown/binding-linux-ppc64-gnu'
57 silly reify ]
58 verbose reify failed optional dependency /home/user/frontend/node_modules/@rolldown/binding-linux-arm64-musl
59 silly reify mark deleted [
59 silly reify   '/home/user/frontend/node_modules/@rolldown/binding-linux-arm64-musl'
59 silly reify ]
60 verbose reify failed optional dependency /home/user/frontend/node_modules/@rolldown/binding-linux-arm64-gnu
61 silly reify mark deleted [
61 silly reify   '/home/user/frontend/node_modules/@rolldown/binding-linux-arm64-gnu'
61 silly reify ]
62 verbose reify failed optional dependency /home/user/frontend/node_modules/@rolldown/binding-linux-arm-gnueabihf
63 silly reify mark deleted [
63 silly reify   '/home/user/frontend/node_modules/@rolldown/binding-linux-arm-gnueabihf'
63 silly reify ]
64 verbose reify failed optional dependency /home/user/frontend/node_modules/@rolldown/binding-freebsd-x64
65 silly reify mark deleted [ '/home/user/frontend/node_modules/@rolldown/binding-freebsd-x64' ]
66 verbose reify failed optional dependency /home/user/frontend/node_modules/@rolldown/binding-darwin-x64
67 silly reify mark deleted [ '/home/user/frontend/node_modules/@rolldown/binding-darwin-x64' ]
68 verbose reify failed optional dependency /home/user/frontend/node_modules/@rolldown/binding-darwin-arm64
69 silly reify mark deleted [ '/home/user/frontend/node_modules/@rolldown/binding-darwin-arm64' ]
70 verbose reify failed optional dependency /home/user/frontend/node_modules/@rolldown/binding-android-arm64
71 silly reify mark deleted [ '/home/user/frontend/node_modules/@rolldown/binding-android-arm64' ]
72 silly tarball no local data for zod-validation-error@https://registry.npmjs.org/zod-validation-error/-/zod-validation-error-4.0.2.tgz. Extracting by manifest.
73 silly tarball no local data for zod@https://registry.npmjs.org/zod/-/zod-4.4.3.tgz. Extracting by manifest.
74 silly tarball no local data for yocto-queue@https://registry.npmjs.org/yocto-queue/-/yocto-queue-0.1.0.tgz. Extracting by manifest.
75 silly tarball no local data for yallist@https://registry.npmjs.org/yallist/-/yallist-3.1.1.tgz. Extracting by manifest.
76 silly tarball no local data for xlsx@https://registry.npmjs.org/xlsx/-/xlsx-0.18.5.tgz. Extracting by manifest.
77 silly tarball no local data for word-wrap@https://registry.npmjs.org/word-wrap/-/word-wrap-1.2.5.tgz. Extracting by manifest.
78 silly tarball no local data for word@https://registry.npmjs.org/word/-/word-0.3.0.tgz. Extracting by manifest.
79 silly tarball no local data for wmf@https://registry.npmjs.org/wmf/-/wmf-1.0.2.tgz. Extracting by manifest.
80 silly tarball no local data for which@https://registry.npmjs.org/which/-/which-2.0.2.tgz. Extracting by manifest.
81 silly tarball no local data for vite@https://registry.npmjs.org/vite/-/vite-8.0.11.tgz. Extracting by manifest.
82 silly tarball no local data for victory-vendor@https://registry.npmjs.org/victory-vendor/-/victory-vendor-37.3.6.tgz. Extracting by manifest.
83 silly tarball no local data for utrie@https://registry.npmjs.org/utrie/-/utrie-1.0.2.tgz. Extracting by manifest.
84 silly tarball no local data for util-deprecate@https://registry.npmjs.org/util-deprecate/-/util-deprecate-1.0.2.tgz. Extracting by manifest.
85 silly tarball no local data for use-sync-external-store@https://registry.npmjs.org/use-sync-external-store/-/use-sync-external-store-1.6.0.tgz. Extracting by manifest.
86 silly tarball no local data for uri-js@https://registry.npmjs.org/uri-js/-/uri-js-4.4.1.tgz. Extracting by manifest.
87 silly tarball no local data for update-browserslist-db@https://registry.npmjs.org/update-browserslist-db/-/update-browserslist-db-1.2.3.tgz. Extracting by manifest.
88 silly tarball no local data for type-check@https://registry.npmjs.org/type-check/-/type-check-0.4.0.tgz. Extracting by manifest.
89 silly tarball no local data for ts-interface-checker@https://registry.npmjs.org/ts-interface-checker/-/ts-interface-checker-0.1.13.tgz. Extracting by manifest.
90 silly tarball no local data for to-regex-range@https://registry.npmjs.org/to-regex-range/-/to-regex-range-5.0.1.tgz. Extracting by manifest.
91 silly tarball no local data for tinyglobby@https://registry.npmjs.org/tinyglobby/-/tinyglobby-0.2.16.tgz. Extracting by manifest.
92 silly tarball no local data for tiny-invariant@https://registry.npmjs.org/tiny-invariant/-/tiny-invariant-1.3.3.tgz. Extracting by manifest.
93 silly tarball no local data for thenify-all@https://registry.npmjs.org/thenify-all/-/thenify-all-1.6.0.tgz. Extracting by manifest.
94 silly tarball no local data for thenify@https://registry.npmjs.org/thenify/-/thenify-3.3.1.tgz. Extracting by manifest.
95 silly tarball no local data for text-segmentation@https://registry.npmjs.org/text-segmentation/-/text-segmentation-1.0.3.tgz. Extracting by manifest.
96 silly tarball no local data for tailwindcss@https://registry.npmjs.org/tailwindcss/-/tailwindcss-3.4.19.tgz. Extracting by manifest.
97 silly tarball no local data for tailwind-merge@https://registry.npmjs.org/tailwind-merge/-/tailwind-merge-3.5.0.tgz. Extracting by manifest.
98 silly tarball no local data for tabbable@https://registry.npmjs.org/tabbable/-/tabbable-6.4.0.tgz. Extracting by manifest.
99 silly tarball no local data for svg-pathdata@https://registry.npmjs.org/svg-pathdata/-/svg-pathdata-6.0.3.tgz. Extracting by manifest.
100 silly tarball no local data for supports-preserve-symlinks-flag@https://registry.npmjs.org/supports-preserve-symlinks-flag/-/supports-preserve-symlinks-flag-1.0.0.tgz. Extracting by manifest.
101 silly tarball no local data for sucrase@https://registry.npmjs.org/sucrase/-/sucrase-3.35.1.tgz. Extracting by manifest.
102 silly tarball no local data for stackblur-canvas@https://registry.npmjs.org/stackblur-canvas/-/stackblur-canvas-2.7.0.tgz. Extracting by manifest.
103 silly tarball no local data for ssf@https://registry.npmjs.org/ssf/-/ssf-0.11.2.tgz. Extracting by manifest.
104 silly tarball no local data for shebang-regex@https://registry.npmjs.org/shebang-regex/-/shebang-regex-3.0.0.tgz. Extracting by manifest.
105 silly tarball no local data for shebang-command@https://registry.npmjs.org/shebang-command/-/shebang-command-2.0.0.tgz. Extracting by manifest.
106 silly tarball no local data for semver@https://registry.npmjs.org/semver/-/semver-6.3.1.tgz. Extracting by manifest.
107 silly tarball no local data for scheduler@https://registry.npmjs.org/scheduler/-/scheduler-0.27.0.tgz. Extracting by manifest.
108 silly tarball no local data for run-parallel@https://registry.npmjs.org/run-parallel/-/run-parallel-1.2.0.tgz. Extracting by manifest.
109 silly tarball no local data for rolldown@https://registry.npmjs.org/rolldown/-/rolldown-1.0.0-rc.18.tgz. Extracting by manifest.
110 silly tarball no local data for rgbcolor@https://registry.npmjs.org/rgbcolor/-/rgbcolor-1.0.1.tgz. Extracting by manifest.
111 silly tarball no local data for reusify@https://registry.npmjs.org/reusify/-/reusify-1.1.0.tgz. Extracting by manifest.
112 silly tarball no local data for resolve@https://registry.npmjs.org/resolve/-/resolve-1.22.12.tgz. Extracting by manifest.
113 silly tarball no local data for reselect@https://registry.npmjs.org/reselect/-/reselect-5.1.1.tgz. Extracting by manifest.
114 silly tarball no local data for regenerator-runtime@https://registry.npmjs.org/regenerator-runtime/-/regenerator-runtime-0.13.11.tgz. Extracting by manifest.
115 silly tarball no local data for redux-thunk@https://registry.npmjs.org/redux-thunk/-/redux-thunk-3.1.0.tgz. Extracting by manifest.
116 silly tarball no local data for redux@https://registry.npmjs.org/redux/-/redux-5.0.1.tgz. Extracting by manifest.
117 silly tarball no local data for recharts@https://registry.npmjs.org/recharts/-/recharts-3.8.1.tgz. Extracting by manifest.
118 silly tarball no local data for readdirp@https://registry.npmjs.org/readdirp/-/readdirp-3.6.0.tgz. Extracting by manifest.
119 silly tarball no local data for read-cache@https://registry.npmjs.org/read-cache/-/read-cache-1.0.0.tgz. Extracting by manifest.
120 silly tarball no local data for react-stately@https://registry.npmjs.org/react-stately/-/react-stately-3.46.0.tgz. Extracting by manifest.
121 silly tarball no local data for react-router-dom@https://registry.npmjs.org/react-router-dom/-/react-router-dom-6.30.3.tgz. Extracting by manifest.
122 silly tarball no local data for react-router@https://registry.npmjs.org/react-router/-/react-router-6.30.3.tgz. Extracting by manifest.
123 silly tarball no local data for react-redux@https://registry.npmjs.org/react-redux/-/react-redux-9.2.0.tgz. Extracting by manifest.
124 silly tarball no local data for react-is@https://registry.npmjs.org/react-is/-/react-is-19.2.6.tgz. Extracting by manifest.
125 silly tarball no local data for react-hot-toast@https://registry.npmjs.org/react-hot-toast/-/react-hot-toast-2.6.0.tgz. Extracting by manifest.
126 silly tarball no local data for react-dom@https://registry.npmjs.org/react-dom/-/react-dom-19.2.6.tgz. Extracting by manifest.
127 silly tarball no local data for react-aria@https://registry.npmjs.org/react-aria/-/react-aria-3.48.0.tgz. Extracting by manifest.
128 silly tarball no local data for react@https://registry.npmjs.org/react/-/react-19.2.6.tgz. Extracting by manifest.
129 silly tarball no local data for raf@https://registry.npmjs.org/raf/-/raf-3.4.1.tgz. Extracting by manifest.
130 silly tarball no local data for queue-microtask@https://registry.npmjs.org/queue-microtask/-/queue-microtask-1.2.3.tgz. Extracting by manifest.
131 silly tarball no local data for punycode@https://registry.npmjs.org/punycode/-/punycode-2.3.1.tgz. Extracting by manifest.
132 silly tarball no local data for proxy-from-env@https://registry.npmjs.org/proxy-from-env/-/proxy-from-env-2.1.0.tgz. Extracting by manifest.
133 silly tarball no local data for prelude-ls@https://registry.npmjs.org/prelude-ls/-/prelude-ls-1.2.1.tgz. Extracting by manifest.
134 silly tarball no local data for postcss-value-parser@https://registry.npmjs.org/postcss-value-parser/-/postcss-value-parser-4.2.0.tgz. Extracting by manifest.
135 silly tarball no local data for postcss-selector-parser@https://registry.npmjs.org/postcss-selector-parser/-/postcss-selector-parser-6.1.2.tgz. Extracting by manifest.
136 silly tarball no local data for postcss-nested@https://registry.npmjs.org/postcss-nested/-/postcss-nested-6.2.0.tgz. Extracting by manifest.
137 silly tarball no local data for postcss-load-config@https://registry.npmjs.org/postcss-load-config/-/postcss-load-config-6.0.1.tgz. Extracting by manifest.
138 silly tarball no local data for postcss-js@https://registry.npmjs.org/postcss-js/-/postcss-js-4.1.0.tgz. Extracting by manifest.
139 silly tarball no local data for postcss-import@https://registry.npmjs.org/postcss-import/-/postcss-import-15.1.0.tgz. Extracting by manifest.
140 silly tarball no local data for postcss@https://registry.npmjs.org/postcss/-/postcss-8.5.14.tgz. Extracting by manifest.
141 silly tarball no local data for pirates@https://registry.npmjs.org/pirates/-/pirates-4.0.7.tgz. Extracting by manifest.
142 silly tarball no local data for pify@https://registry.npmjs.org/pify/-/pify-2.3.0.tgz. Extracting by manifest.
143 silly tarball no local data for performance-now@https://registry.npmjs.org/performance-now/-/performance-now-2.1.0.tgz. Extracting by manifest.
144 silly tarball no local data for path-parse@https://registry.npmjs.org/path-parse/-/path-parse-1.0.7.tgz. Extracting by manifest.
145 silly tarball no local data for path-key@https://registry.npmjs.org/path-key/-/path-key-3.1.1.tgz. Extracting by manifest.
146 silly tarball no local data for path-exists@https://registry.npmjs.org/path-exists/-/path-exists-4.0.0.tgz. Extracting by manifest.
147 silly tarball no local data for pako@https://registry.npmjs.org/pako/-/pako-2.1.0.tgz. Extracting by manifest.
148 silly tarball no local data for p-locate@https://registry.npmjs.org/p-locate/-/p-locate-5.0.0.tgz. Extracting by manifest.
149 silly tarball no local data for p-limit@https://registry.npmjs.org/p-limit/-/p-limit-3.1.0.tgz. Extracting by manifest.
150 silly tarball no local data for optionator@https://registry.npmjs.org/optionator/-/optionator-0.9.4.tgz. Extracting by manifest.
151 silly tarball no local data for object-hash@https://registry.npmjs.org/object-hash/-/object-hash-3.0.0.tgz. Extracting by manifest.
152 silly tarball no local data for object-assign@https://registry.npmjs.org/object-assign/-/object-assign-4.1.1.tgz. Extracting by manifest.
153 silly tarball no local data for normalize-path@https://registry.npmjs.org/normalize-path/-/normalize-path-3.0.0.tgz. Extracting by manifest.
154 silly tarball no local data for node-releases@https://registry.npmjs.org/node-releases/-/node-releases-2.0.38.tgz. Extracting by manifest.
155 silly tarball no local data for natural-compare@https://registry.npmjs.org/natural-compare/-/natural-compare-1.4.0.tgz. Extracting by manifest.
156 silly tarball no local data for mz@https://registry.npmjs.org/mz/-/mz-2.7.0.tgz. Extracting by manifest.
157 silly tarball no local data for ms@https://registry.npmjs.org/ms/-/ms-2.1.3.tgz. Extracting by manifest.
158 silly tarball no local data for motion-utils@https://registry.npmjs.org/motion-utils/-/motion-utils-12.36.0.tgz. Extracting by manifest.
159 silly tarball no local data for motion-dom@https://registry.npmjs.org/motion-dom/-/motion-dom-12.38.0.tgz. Extracting by manifest.
160 silly tarball no local data for minimatch@https://registry.npmjs.org/minimatch/-/minimatch-10.2.5.tgz. Extracting by manifest.
161 silly tarball no local data for mime-types@https://registry.npmjs.org/mime-types/-/mime-types-2.1.35.tgz. Extracting by manifest.
162 silly tarball no local data for mime-db@https://registry.npmjs.org/mime-db/-/mime-db-1.52.0.tgz. Extracting by manifest.
163 silly tarball no local data for micromatch@https://registry.npmjs.org/micromatch/-/micromatch-4.0.8.tgz. Extracting by manifest.
164 silly tarball no local data for merge2@https://registry.npmjs.org/merge2/-/merge2-1.4.1.tgz. Extracting by manifest.
165 silly tarball no local data for math-intrinsics@https://registry.npmjs.org/math-intrinsics/-/math-intrinsics-1.1.0.tgz. Extracting by manifest.
166 silly tarball no local data for lucide-react@https://registry.npmjs.org/lucide-react/-/lucide-react-0.479.0.tgz. Extracting by manifest.
167 silly tarball no local data for lru-cache@https://registry.npmjs.org/lru-cache/-/lru-cache-5.1.1.tgz. Extracting by manifest.
168 silly tarball no local data for locate-path@https://registry.npmjs.org/locate-path/-/locate-path-6.0.0.tgz. Extracting by manifest.
169 silly tarball no local data for lines-and-columns@https://registry.npmjs.org/lines-and-columns/-/lines-and-columns-1.2.4.tgz. Extracting by manifest.
170 silly tarball no local data for lilconfig@https://registry.npmjs.org/lilconfig/-/lilconfig-3.1.3.tgz. Extracting by manifest.
171 silly tarball no local data for lightningcss-linux-x64-musl@https://registry.npmjs.org/lightningcss-linux-x64-musl/-/lightningcss-linux-x64-musl-1.32.0.tgz. Extracting by manifest.
172 silly tarball no local data for levn@https://registry.npmjs.org/levn/-/levn-0.4.1.tgz. Extracting by manifest.
173 silly tarball no local data for keyv@https://registry.npmjs.org/keyv/-/keyv-4.5.4.tgz. Extracting by manifest.
174 silly tarball no local data for jspdf-autotable@https://registry.npmjs.org/jspdf-autotable/-/jspdf-autotable-5.0.7.tgz. Extracting by manifest.
175 silly tarball no local data for jspdf@https://registry.npmjs.org/jspdf/-/jspdf-4.2.1.tgz. Extracting by manifest.
176 silly tarball no local data for json5@https://registry.npmjs.org/json5/-/json5-2.2.3.tgz. Extracting by manifest.
177 silly tarball no local data for json-stable-stringify-without-jsonify@https://registry.npmjs.org/json-stable-stringify-without-jsonify/-/json-stable-stringify-without-jsonify-1.0.1.tgz. Extracting by manifest.
178 silly tarball no local data for json-schema-traverse@https://registry.npmjs.org/json-schema-traverse/-/json-schema-traverse-0.4.1.tgz. Extracting by manifest.
179 silly tarball no local data for json-buffer@https://registry.npmjs.org/json-buffer/-/json-buffer-3.0.1.tgz. Extracting by manifest.
180 silly tarball no local data for jsesc@https://registry.npmjs.org/jsesc/-/jsesc-3.1.0.tgz. Extracting by manifest.
181 silly tarball no local data for js-tokens@https://registry.npmjs.org/js-tokens/-/js-tokens-4.0.0.tgz. Extracting by manifest.
182 silly tarball no local data for jiti@https://registry.npmjs.org/jiti/-/jiti-1.21.7.tgz. Extracting by manifest.
183 silly tarball no local data for isexe@https://registry.npmjs.org/isexe/-/isexe-2.0.0.tgz. Extracting by manifest.
184 silly tarball no local data for is-number@https://registry.npmjs.org/is-number/-/is-number-7.0.0.tgz. Extracting by manifest.
185 silly tarball no local data for is-glob@https://registry.npmjs.org/is-glob/-/is-glob-4.0.3.tgz. Extracting by manifest.
186 silly tarball no local data for is-extglob@https://registry.npmjs.org/is-extglob/-/is-extglob-2.1.1.tgz. Extracting by manifest.
187 silly tarball no local data for is-core-module@https://registry.npmjs.org/is-core-module/-/is-core-module-2.16.2.tgz. Extracting by manifest.
188 silly tarball no local data for is-binary-path@https://registry.npmjs.org/is-binary-path/-/is-binary-path-2.1.0.tgz. Extracting by manifest.
189 silly tarball no local data for iobuffer@https://registry.npmjs.org/iobuffer/-/iobuffer-5.4.0.tgz. Extracting by manifest.
190 silly tarball no local data for internmap@https://registry.npmjs.org/internmap/-/internmap-2.0.3.tgz. Extracting by manifest.
191 silly tarball no local data for imurmurhash@https://registry.npmjs.org/imurmurhash/-/imurmurhash-0.1.4.tgz. Extracting by manifest.
192 silly tarball no local data for immer@https://registry.npmjs.org/immer/-/immer-10.2.0.tgz. Extracting by manifest.
193 silly tarball no local data for ignore@https://registry.npmjs.org/ignore/-/ignore-5.3.2.tgz. Extracting by manifest.
194 silly tarball no local data for html2canvas@https://registry.npmjs.org/html2canvas/-/html2canvas-1.4.1.tgz. Extracting by manifest.
195 silly tarball no local data for hermes-parser@https://registry.npmjs.org/hermes-parser/-/hermes-parser-0.25.1.tgz. Extracting by manifest.
196 silly tarball no local data for hermes-estree@https://registry.npmjs.org/hermes-estree/-/hermes-estree-0.25.1.tgz. Extracting by manifest.
197 silly tarball no local data for hasown@https://registry.npmjs.org/hasown/-/hasown-2.0.3.tgz. Extracting by manifest.
198 silly tarball no local data for has-tostringtag@https://registry.npmjs.org/has-tostringtag/-/has-tostringtag-1.0.2.tgz. Extracting by manifest.
199 silly tarball no local data for has-symbols@https://registry.npmjs.org/has-symbols/-/has-symbols-1.1.0.tgz. Extracting by manifest.
200 silly tarball no local data for gopd@https://registry.npmjs.org/gopd/-/gopd-1.2.0.tgz. Extracting by manifest.
201 silly tarball no local data for goober@https://registry.npmjs.org/goober/-/goober-2.1.18.tgz. Extracting by manifest.
202 silly tarball no local data for globals@https://registry.npmjs.org/globals/-/globals-17.6.0.tgz. Extracting by manifest.
203 silly tarball no local data for glob-parent@https://registry.npmjs.org/glob-parent/-/glob-parent-6.0.2.tgz. Extracting by manifest.
204 silly tarball no local data for get-proto@https://registry.npmjs.org/get-proto/-/get-proto-1.0.1.tgz. Extracting by manifest.
205 silly tarball no local data for get-intrinsic@https://registry.npmjs.org/get-intrinsic/-/get-intrinsic-1.3.0.tgz. Extracting by manifest.
206 silly tarball no local data for gensync@https://registry.npmjs.org/gensync/-/gensync-1.0.0-beta.2.tgz. Extracting by manifest.
207 silly tarball no local data for function-bind@https://registry.npmjs.org/function-bind/-/function-bind-1.1.2.tgz. Extracting by manifest.
208 silly tarball no local data for framer-motion@https://registry.npmjs.org/framer-motion/-/framer-motion-12.38.0.tgz. Extracting by manifest.
209 silly tarball no local data for fraction.js@https://registry.npmjs.org/fraction.js/-/fraction.js-5.3.4.tgz. Extracting by manifest.
210 silly tarball no local data for frac@https://registry.npmjs.org/frac/-/frac-1.1.2.tgz. Extracting by manifest.
211 silly tarball no local data for form-data@https://registry.npmjs.org/form-data/-/form-data-4.0.5.tgz. Extracting by manifest.
212 silly tarball no local data for follow-redirects@https://registry.npmjs.org/follow-redirects/-/follow-redirects-1.16.0.tgz. Extracting by manifest.
213 silly tarball no local data for flatted@https://registry.npmjs.org/flatted/-/flatted-3.4.2.tgz. Extracting by manifest.
214 silly tarball no local data for flat-cache@https://registry.npmjs.org/flat-cache/-/flat-cache-4.0.1.tgz. Extracting by manifest.
215 silly tarball no local data for find-up@https://registry.npmjs.org/find-up/-/find-up-5.0.0.tgz. Extracting by manifest.
216 silly tarball no local data for fill-range@https://registry.npmjs.org/fill-range/-/fill-range-7.1.1.tgz. Extracting by manifest.
217 silly tarball no local data for file-entry-cache@https://registry.npmjs.org/file-entry-cache/-/file-entry-cache-8.0.0.tgz. Extracting by manifest.
218 silly tarball no local data for fflate@https://registry.npmjs.org/fflate/-/fflate-0.8.2.tgz. Extracting by manifest.
219 silly tarball no local data for fastq@https://registry.npmjs.org/fastq/-/fastq-1.20.1.tgz. Extracting by manifest.
220 silly tarball no local data for fast-png@https://registry.npmjs.org/fast-png/-/fast-png-6.4.0.tgz. Extracting by manifest.
221 silly tarball no local data for fast-levenshtein@https://registry.npmjs.org/fast-levenshtein/-/fast-levenshtein-2.0.6.tgz. Extracting by manifest.
222 silly tarball no local data for fast-json-stable-stringify@https://registry.npmjs.org/fast-json-stable-stringify/-/fast-json-stable-stringify-2.1.0.tgz. Extracting by manifest.
223 silly tarball no local data for fast-glob@https://registry.npmjs.org/fast-glob/-/fast-glob-3.3.3.tgz. Extracting by manifest.
224 silly tarball no local data for fast-deep-equal@https://registry.npmjs.org/fast-deep-equal/-/fast-deep-equal-3.1.3.tgz. Extracting by manifest.
225 silly tarball no local data for eventemitter3@https://registry.npmjs.org/eventemitter3/-/eventemitter3-5.0.4.tgz. Extracting by manifest.
226 silly tarball no local data for esutils@https://registry.npmjs.org/esutils/-/esutils-2.0.3.tgz. Extracting by manifest.
227 silly tarball no local data for estraverse@https://registry.npmjs.org/estraverse/-/estraverse-5.3.0.tgz. Extracting by manifest.
228 silly tarball no local data for esrecurse@https://registry.npmjs.org/esrecurse/-/esrecurse-4.3.0.tgz. Extracting by manifest.
229 silly tarball no local data for esquery@https://registry.npmjs.org/esquery/-/esquery-1.7.0.tgz. Extracting by manifest.
230 silly tarball no local data for espree@https://registry.npmjs.org/espree/-/espree-11.2.0.tgz. Extracting by manifest.
231 silly tarball no local data for eslint-visitor-keys@https://registry.npmjs.org/eslint-visitor-keys/-/eslint-visitor-keys-5.0.1.tgz. Extracting by manifest.
232 silly tarball no local data for eslint-scope@https://registry.npmjs.org/eslint-scope/-/eslint-scope-9.1.2.tgz. Extracting by manifest.
233 silly tarball no local data for eslint-plugin-react-refresh@https://registry.npmjs.org/eslint-plugin-react-refresh/-/eslint-plugin-react-refresh-0.5.2.tgz. Extracting by manifest.
234 silly tarball no local data for eslint-plugin-react-hooks@https://registry.npmjs.org/eslint-plugin-react-hooks/-/eslint-plugin-react-hooks-7.1.1.tgz. Extracting by manifest.
235 silly tarball no local data for eslint@https://registry.npmjs.org/eslint/-/eslint-10.3.0.tgz. Extracting by manifest.
236 silly tarball no local data for escape-string-regexp@https://registry.npmjs.org/escape-string-regexp/-/escape-string-regexp-4.0.0.tgz. Extracting by manifest.
237 silly tarball no local data for escalade@https://registry.npmjs.org/escalade/-/escalade-3.2.0.tgz. Extracting by manifest.
238 silly tarball no local data for es-toolkit@https://registry.npmjs.org/es-toolkit/-/es-toolkit-1.46.1.tgz. Extracting by manifest.
239 silly tarball no local data for es-set-tostringtag@https://registry.npmjs.org/es-set-tostringtag/-/es-set-tostringtag-2.1.0.tgz. Extracting by manifest.
240 silly tarball no local data for es-object-atoms@https://registry.npmjs.org/es-object-atoms/-/es-object-atoms-1.1.1.tgz. Extracting by manifest.
241 silly tarball no local data for es-errors@https://registry.npmjs.org/es-errors/-/es-errors-1.3.0.tgz. Extracting by manifest.
242 silly tarball no local data for es-define-property@https://registry.npmjs.org/es-define-property/-/es-define-property-1.0.1.tgz. Extracting by manifest.
243 silly tarball no local data for electron-to-chromium@https://registry.npmjs.org/electron-to-chromium/-/electron-to-chromium-1.5.352.tgz. Extracting by manifest.
244 silly tarball no local data for dunder-proto@https://registry.npmjs.org/dunder-proto/-/dunder-proto-1.0.1.tgz. Extracting by manifest.
245 silly tarball no local data for dompurify@https://registry.npmjs.org/dompurify/-/dompurify-3.4.2.tgz. Extracting by manifest.
246 silly tarball no local data for dlv@https://registry.npmjs.org/dlv/-/dlv-1.1.3.tgz. Extracting by manifest.
247 silly tarball no local data for didyoumean@https://registry.npmjs.org/didyoumean/-/didyoumean-1.2.2.tgz. Extracting by manifest.
248 silly tarball no local data for delayed-stream@https://registry.npmjs.org/delayed-stream/-/delayed-stream-1.0.0.tgz. Extracting by manifest.
249 silly tarball no local data for deep-is@https://registry.npmjs.org/deep-is/-/deep-is-0.1.4.tgz. Extracting by manifest.
250 silly tarball no local data for decimal.js-light@https://registry.npmjs.org/decimal.js-light/-/decimal.js-light-2.5.1.tgz. Extracting by manifest.
251 silly tarball no local data for debug@https://registry.npmjs.org/debug/-/debug-4.4.3.tgz. Extracting by manifest.
252 silly tarball no local data for d3-timer@https://registry.npmjs.org/d3-timer/-/d3-timer-3.0.1.tgz. Extracting by manifest.
253 silly tarball no local data for d3-time-format@https://registry.npmjs.org/d3-time-format/-/d3-time-format-4.1.0.tgz. Extracting by manifest.
254 silly tarball no local data for d3-time@https://registry.npmjs.org/d3-time/-/d3-time-3.1.0.tgz. Extracting by manifest.
255 silly tarball no local data for d3-shape@https://registry.npmjs.org/d3-shape/-/d3-shape-3.2.0.tgz. Extracting by manifest.
256 silly tarball no local data for d3-scale@https://registry.npmjs.org/d3-scale/-/d3-scale-4.0.2.tgz. Extracting by manifest.
257 silly tarball no local data for d3-path@https://registry.npmjs.org/d3-path/-/d3-path-3.1.0.tgz. Extracting by manifest.
258 silly tarball no local data for d3-interpolate@https://registry.npmjs.org/d3-interpolate/-/d3-interpolate-3.0.1.tgz. Extracting by manifest.
259 silly tarball no local data for d3-format@https://registry.npmjs.org/d3-format/-/d3-format-3.1.2.tgz. Extracting by manifest.
260 silly tarball no local data for d3-ease@https://registry.npmjs.org/d3-ease/-/d3-ease-3.0.1.tgz. Extracting by manifest.
261 silly tarball no local data for d3-color@https://registry.npmjs.org/d3-color/-/d3-color-3.1.0.tgz. Extracting by manifest.
262 silly tarball no local data for d3-array@https://registry.npmjs.org/d3-array/-/d3-array-3.2.4.tgz. Extracting by manifest.
263 silly tarball no local data for csstype@https://registry.npmjs.org/csstype/-/csstype-3.2.3.tgz. Extracting by manifest.
264 silly tarball no local data for cssesc@https://registry.npmjs.org/cssesc/-/cssesc-3.0.0.tgz. Extracting by manifest.
265 silly tarball no local data for css-line-break@https://registry.npmjs.org/css-line-break/-/css-line-break-2.1.0.tgz. Extracting by manifest.
266 silly tarball no local data for cross-spawn@https://registry.npmjs.org/cross-spawn/-/cross-spawn-7.0.6.tgz. Extracting by manifest.
267 silly tarball no local data for crc-32@https://registry.npmjs.org/crc-32/-/crc-32-1.2.2.tgz. Extracting by manifest.
268 silly tarball no local data for core-js@https://registry.npmjs.org/core-js/-/core-js-3.49.0.tgz. Extracting by manifest.
269 silly tarball no local data for convert-source-map@https://registry.npmjs.org/convert-source-map/-/convert-source-map-2.0.0.tgz. Extracting by manifest.
270 silly tarball no local data for commander@https://registry.npmjs.org/commander/-/commander-4.1.1.tgz. Extracting by manifest.
271 silly tarball no local data for combined-stream@https://registry.npmjs.org/combined-stream/-/combined-stream-1.0.8.tgz. Extracting by manifest.
272 silly tarball no local data for codepage@https://registry.npmjs.org/codepage/-/codepage-1.15.0.tgz. Extracting by manifest.
273 silly tarball no local data for clsx@https://registry.npmjs.org/clsx/-/clsx-2.1.1.tgz. Extracting by manifest.
274 silly tarball no local data for chokidar@https://registry.npmjs.org/chokidar/-/chokidar-3.6.0.tgz. Extracting by manifest.
275 silly tarball no local data for cfb@https://registry.npmjs.org/cfb/-/cfb-1.2.2.tgz. Extracting by manifest.
276 silly tarball no local data for canvg@https://registry.npmjs.org/canvg/-/canvg-3.0.11.tgz. Extracting by manifest.
277 silly tarball no local data for caniuse-lite@https://registry.npmjs.org/caniuse-lite/-/caniuse-lite-1.0.30001792.tgz. Extracting by manifest.
278 silly tarball no local data for camelcase-css@https://registry.npmjs.org/camelcase-css/-/camelcase-css-2.0.1.tgz. Extracting by manifest.
279 silly tarball no local data for call-bind-apply-helpers@https://registry.npmjs.org/call-bind-apply-helpers/-/call-bind-apply-helpers-1.0.2.tgz. Extracting by manifest.
280 silly tarball no local data for browserslist@https://registry.npmjs.org/browserslist/-/browserslist-4.28.2.tgz. Extracting by manifest.
281 silly tarball no local data for braces@https://registry.npmjs.org/braces/-/braces-3.0.3.tgz. Extracting by manifest.
282 silly tarball no local data for brace-expansion@https://registry.npmjs.org/brace-expansion/-/brace-expansion-5.0.6.tgz. Extracting by manifest.
283 silly tarball no local data for binary-extensions@https://registry.npmjs.org/binary-extensions/-/binary-extensions-2.3.0.tgz. Extracting by manifest.
284 silly tarball no local data for baseline-browser-mapping@https://registry.npmjs.org/baseline-browser-mapping/-/baseline-browser-mapping-2.10.27.tgz. Extracting by manifest.
285 silly tarball no local data for base64-arraybuffer@https://registry.npmjs.org/base64-arraybuffer/-/base64-arraybuffer-1.0.2.tgz. Extracting by manifest.
286 silly tarball no local data for balanced-match@https://registry.npmjs.org/balanced-match/-/balanced-match-4.0.4.tgz. Extracting by manifest.
287 silly tarball no local data for axios@https://registry.npmjs.org/axios/-/axios-1.16.0.tgz. Extracting by manifest.
288 silly tarball no local data for autoprefixer@https://registry.npmjs.org/autoprefixer/-/autoprefixer-10.5.0.tgz. Extracting by manifest.
289 silly tarball no local data for asynckit@https://registry.npmjs.org/asynckit/-/asynckit-0.4.0.tgz. Extracting by manifest.
290 silly tarball no local data for aria-hidden@https://registry.npmjs.org/aria-hidden/-/aria-hidden-1.2.6.tgz. Extracting by manifest.
291 silly tarball no local data for arg@https://registry.npmjs.org/arg/-/arg-5.0.2.tgz. Extracting by manifest.
292 silly tarball no local data for anymatch@https://registry.npmjs.org/anymatch/-/anymatch-3.1.3.tgz. Extracting by manifest.
293 silly tarball no local data for any-promise@https://registry.npmjs.org/any-promise/-/any-promise-1.3.0.tgz. Extracting by manifest.
294 silly tarball no local data for ajv@https://registry.npmjs.org/ajv/-/ajv-6.15.0.tgz. Extracting by manifest.
295 silly tarball no local data for adler-32@https://registry.npmjs.org/adler-32/-/adler-32-1.3.1.tgz. Extracting by manifest.
296 silly tarball no local data for acorn-jsx@https://registry.npmjs.org/acorn-jsx/-/acorn-jsx-5.3.2.tgz. Extracting by manifest.
297 silly tarball no local data for acorn@https://registry.npmjs.org/acorn/-/acorn-8.16.0.tgz. Extracting by manifest.
298 silly tarball no local data for @vitejs/plugin-react@https://registry.npmjs.org/@vitejs/plugin-react/-/plugin-react-6.0.1.tgz. Extracting by manifest.
299 silly tarball no local data for @types/use-sync-external-store@https://registry.npmjs.org/@types/use-sync-external-store/-/use-sync-external-store-0.0.6.tgz. Extracting by manifest.
300 silly tarball no local data for @types/trusted-types@https://registry.npmjs.org/@types/trusted-types/-/trusted-types-2.0.7.tgz. Extracting by manifest.
301 silly tarball no local data for @types/react-dom@https://registry.npmjs.org/@types/react-dom/-/react-dom-19.2.3.tgz. Extracting by manifest.
302 silly tarball no local data for @types/react@https://registry.npmjs.org/@types/react/-/react-19.2.14.tgz. Extracting by manifest.
303 silly tarball no local data for @types/raf@https://registry.npmjs.org/@types/raf/-/raf-3.4.3.tgz. Extracting by manifest.
304 silly tarball no local data for @types/pako@https://registry.npmjs.org/@types/pako/-/pako-2.0.4.tgz. Extracting by manifest.
305 silly tarball no local data for @types/json-schema@https://registry.npmjs.org/@types/json-schema/-/json-schema-7.0.15.tgz. Extracting by manifest.
306 silly tarball no local data for @types/estree@https://registry.npmjs.org/@types/estree/-/estree-1.0.9.tgz. Extracting by manifest.
307 silly tarball no local data for @types/esrecurse@https://registry.npmjs.org/@types/esrecurse/-/esrecurse-4.3.1.tgz. Extracting by manifest.
308 silly tarball no local data for @types/d3-timer@https://registry.npmjs.org/@types/d3-timer/-/d3-timer-3.0.2.tgz. Extracting by manifest.
309 silly tarball no local data for @types/d3-time@https://registry.npmjs.org/@types/d3-time/-/d3-time-3.0.4.tgz. Extracting by manifest.
310 silly tarball no local data for @types/d3-shape@https://registry.npmjs.org/@types/d3-shape/-/d3-shape-3.1.8.tgz. Extracting by manifest.
311 silly tarball no local data for @types/d3-scale@https://registry.npmjs.org/@types/d3-scale/-/d3-scale-4.0.9.tgz. Extracting by manifest.
312 silly tarball no local data for @types/d3-path@https://registry.npmjs.org/@types/d3-path/-/d3-path-3.1.1.tgz. Extracting by manifest.
313 silly tarball no local data for @types/d3-interpolate@https://registry.npmjs.org/@types/d3-interpolate/-/d3-interpolate-3.0.4.tgz. Extracting by manifest.
314 silly tarball no local data for @types/d3-ease@https://registry.npmjs.org/@types/d3-ease/-/d3-ease-3.0.2.tgz. Extracting by manifest.
315 silly tarball no local data for @types/d3-color@https://registry.npmjs.org/@types/d3-color/-/d3-color-3.1.3.tgz. Extracting by manifest.
316 silly tarball no local data for @types/d3-array@https://registry.npmjs.org/@types/d3-array/-/d3-array-3.2.2.tgz. Extracting by manifest.
317 silly tarball no local data for @tanstack/virtual-core@https://registry.npmjs.org/@tanstack/virtual-core/-/virtual-core-3.14.0.tgz. Extracting by manifest.
318 silly tarball no local data for @tanstack/react-virtual@https://registry.npmjs.org/@tanstack/react-virtual/-/react-virtual-3.13.24.tgz. Extracting by manifest.
319 silly tarball no local data for @tanstack/react-query@https://registry.npmjs.org/@tanstack/react-query/-/react-query-5.100.9.tgz. Extracting by manifest.
320 silly tarball no local data for @tanstack/query-core@https://registry.npmjs.org/@tanstack/query-core/-/query-core-5.100.9.tgz. Extracting by manifest.
321 silly tarball no local data for @swc/helpers@https://registry.npmjs.org/@swc/helpers/-/helpers-0.5.21.tgz. Extracting by manifest.
322 silly tarball no local data for @standard-schema/utils@https://registry.npmjs.org/@standard-schema/utils/-/utils-0.3.0.tgz. Extracting by manifest.
323 silly tarball no local data for @standard-schema/spec@https://registry.npmjs.org/@standard-schema/spec/-/spec-1.1.0.tgz. Extracting by manifest.
324 silly tarball no local data for @rolldown/pluginutils@https://registry.npmjs.org/@rolldown/pluginutils/-/pluginutils-1.0.0-rc.7.tgz. Extracting by manifest.
325 silly tarball no local data for @rolldown/binding-linux-x64-musl@https://registry.npmjs.org/@rolldown/binding-linux-x64-musl/-/binding-linux-x64-musl-1.0.0-rc.18.tgz. Extracting by manifest.
326 silly tarball no local data for @rolldown/binding-linux-x64-gnu@https://registry.npmjs.org/@rolldown/binding-linux-x64-gnu/-/binding-linux-x64-gnu-1.0.0-rc.18.tgz. Extracting by manifest.
327 silly tarball no local data for @remix-run/router@https://registry.npmjs.org/@remix-run/router/-/router-1.23.2.tgz. Extracting by manifest.
328 silly tarball no local data for @reduxjs/toolkit@https://registry.npmjs.org/@reduxjs/toolkit/-/toolkit-2.11.2.tgz. Extracting by manifest.
329 silly tarball no local data for @react-types/shared@https://registry.npmjs.org/@react-types/shared/-/shared-3.34.0.tgz. Extracting by manifest.
330 silly tarball no local data for @react-aria/interactions@https://registry.npmjs.org/@react-aria/interactions/-/interactions-3.28.0.tgz. Extracting by manifest.
331 silly tarball no local data for @react-aria/focus@https://registry.npmjs.org/@react-aria/focus/-/focus-3.22.0.tgz. Extracting by manifest.
332 silly tarball no local data for @radix-ui/react-slot@https://registry.npmjs.org/@radix-ui/react-slot/-/react-slot-1.2.4.tgz. Extracting by manifest.
333 silly tarball no local data for @radix-ui/react-compose-refs@https://registry.npmjs.org/@radix-ui/react-compose-refs/-/react-compose-refs-1.1.2.tgz. Extracting by manifest.
334 silly tarball no local data for @oxc-project/types@https://registry.npmjs.org/@oxc-project/types/-/types-0.128.0.tgz. Extracting by manifest.
335 silly tarball no local data for @nodelib/fs.walk@https://registry.npmjs.org/@nodelib/fs.walk/-/fs.walk-1.2.8.tgz. Extracting by manifest.
336 silly tarball no local data for @nodelib/fs.stat@https://registry.npmjs.org/@nodelib/fs.stat/-/fs.stat-2.0.5.tgz. Extracting by manifest.
337 silly tarball no local data for @nodelib/fs.scandir@https://registry.npmjs.org/@nodelib/fs.scandir/-/fs.scandir-2.1.5.tgz. Extracting by manifest.
338 silly tarball no local data for @jridgewell/trace-mapping@https://registry.npmjs.org/@jridgewell/trace-mapping/-/trace-mapping-0.3.31.tgz. Extracting by manifest.
339 silly tarball no local data for @jridgewell/sourcemap-codec@https://registry.npmjs.org/@jridgewell/sourcemap-codec/-/sourcemap-codec-1.5.5.tgz. Extracting by manifest.
340 silly tarball no local data for @jridgewell/resolve-uri@https://registry.npmjs.org/@jridgewell/resolve-uri/-/resolve-uri-3.1.2.tgz. Extracting by manifest.
341 silly tarball no local data for @jridgewell/remapping@https://registry.npmjs.org/@jridgewell/remapping/-/remapping-2.3.5.tgz. Extracting by manifest.
342 silly tarball no local data for @jridgewell/gen-mapping@https://registry.npmjs.org/@jridgewell/gen-mapping/-/gen-mapping-0.3.13.tgz. Extracting by manifest.
343 silly tarball no local data for @internationalized/string@https://registry.npmjs.org/@internationalized/string/-/string-3.2.8.tgz. Extracting by manifest.
344 silly tarball no local data for @internationalized/number@https://registry.npmjs.org/@internationalized/number/-/number-3.6.6.tgz. Extracting by manifest.
345 silly tarball no local data for @internationalized/date@https://registry.npmjs.org/@internationalized/date/-/date-3.12.1.tgz. Extracting by manifest.
346 silly tarball no local data for @humanwhocodes/retry@https://registry.npmjs.org/@humanwhocodes/retry/-/retry-0.4.3.tgz. Extracting by manifest.
347 silly tarball no local data for @humanwhocodes/module-importer@https://registry.npmjs.org/@humanwhocodes/module-importer/-/module-importer-1.0.1.tgz. Extracting by manifest.
348 silly tarball no local data for @humanfs/types@https://registry.npmjs.org/@humanfs/types/-/types-0.15.0.tgz. Extracting by manifest.
349 silly tarball no local data for @humanfs/node@https://registry.npmjs.org/@humanfs/node/-/node-0.16.8.tgz. Extracting by manifest.
350 silly tarball no local data for @humanfs/core@https://registry.npmjs.org/@humanfs/core/-/core-0.19.2.tgz. Extracting by manifest.
351 silly tarball no local data for @headlessui/react@https://registry.npmjs.org/@headlessui/react/-/react-2.2.10.tgz. Extracting by manifest.
352 silly tarball no local data for @floating-ui/utils@https://registry.npmjs.org/@floating-ui/utils/-/utils-0.2.11.tgz. Extracting by manifest.
353 silly tarball no local data for @floating-ui/react-dom@https://registry.npmjs.org/@floating-ui/react-dom/-/react-dom-2.1.8.tgz. Extracting by manifest.
354 silly tarball no local data for @floating-ui/react@https://registry.npmjs.org/@floating-ui/react/-/react-0.26.28.tgz. Extracting by manifest.
355 silly tarball no local data for @floating-ui/dom@https://registry.npmjs.org/@floating-ui/dom/-/dom-1.7.6.tgz. Extracting by manifest.
356 silly tarball no local data for @floating-ui/core@https://registry.npmjs.org/@floating-ui/core/-/core-1.7.5.tgz. Extracting by manifest.
357 silly tarball no local data for @eslint/plugin-kit@https://registry.npmjs.org/@eslint/plugin-kit/-/plugin-kit-0.7.1.tgz. Extracting by manifest.
358 silly tarball no local data for @eslint/object-schema@https://registry.npmjs.org/@eslint/object-schema/-/object-schema-3.0.5.tgz. Extracting by manifest.
359 silly tarball no local data for @eslint/js@https://registry.npmjs.org/@eslint/js/-/js-10.0.1.tgz. Extracting by manifest.
360 silly tarball no local data for @eslint/core@https://registry.npmjs.org/@eslint/core/-/core-1.2.1.tgz. Extracting by manifest.
361 silly tarball no local data for @eslint/config-helpers@https://registry.npmjs.org/@eslint/config-helpers/-/config-helpers-0.5.5.tgz. Extracting by manifest.
362 silly tarball no local data for @eslint/config-array@https://registry.npmjs.org/@eslint/config-array/-/config-array-0.23.5.tgz. Extracting by manifest.
363 silly tarball no local data for @eslint-community/regexpp@https://registry.npmjs.org/@eslint-community/regexpp/-/regexpp-4.12.2.tgz. Extracting by manifest.
364 silly tarball no local data for @eslint-community/eslint-utils@https://registry.npmjs.org/@eslint-community/eslint-utils/-/eslint-utils-4.9.1.tgz. Extracting by manifest.
365 silly tarball no local data for @babel/types@https://registry.npmjs.org/@babel/types/-/types-7.29.0.tgz. Extracting by manifest.
366 silly tarball no local data for @babel/traverse@https://registry.npmjs.org/@babel/traverse/-/traverse-7.29.0.tgz. Extracting by manifest.
367 silly tarball no local data for @babel/template@https://registry.npmjs.org/@babel/template/-/template-7.28.6.tgz. Extracting by manifest.
368 silly tarball no local data for @babel/runtime@https://registry.npmjs.org/@babel/runtime/-/runtime-7.29.2.tgz. Extracting by manifest.
369 silly tarball no local data for @babel/parser@https://registry.npmjs.org/@babel/parser/-/parser-7.29.3.tgz. Extracting by manifest.
370 silly tarball no local data for @babel/helpers@https://registry.npmjs.org/@babel/helpers/-/helpers-7.29.2.tgz. Extracting by manifest.
371 silly tarball no local data for @babel/helper-validator-option@https://registry.npmjs.org/@babel/helper-validator-option/-/helper-validator-option-7.27.1.tgz. Extracting by manifest.
372 silly tarball no local data for @babel/helper-validator-identifier@https://registry.npmjs.org/@babel/helper-validator-identifier/-/helper-validator-identifier-7.28.5.tgz. Extracting by manifest.
373 silly tarball no local data for @babel/helper-string-parser@https://registry.npmjs.org/@babel/helper-string-parser/-/helper-string-parser-7.27.1.tgz. Extracting by manifest.
374 silly tarball no local data for @babel/helper-module-transforms@https://registry.npmjs.org/@babel/helper-module-transforms/-/helper-module-transforms-7.28.6.tgz. Extracting by manifest.
375 silly tarball no local data for @babel/helper-module-imports@https://registry.npmjs.org/@babel/helper-module-imports/-/helper-module-imports-7.28.6.tgz. Extracting by manifest.
376 silly tarball no local data for @babel/helper-globals@https://registry.npmjs.org/@babel/helper-globals/-/helper-globals-7.28.0.tgz. Extracting by manifest.
377 silly tarball no local data for @babel/helper-compilation-targets@https://registry.npmjs.org/@babel/helper-compilation-targets/-/helper-compilation-targets-7.28.6.tgz. Extracting by manifest.
378 silly tarball no local data for @babel/generator@https://registry.npmjs.org/@babel/generator/-/generator-7.29.1.tgz. Extracting by manifest.
379 silly tarball no local data for @babel/core@https://registry.npmjs.org/@babel/core/-/core-7.29.0.tgz. Extracting by manifest.
380 silly tarball no local data for @babel/compat-data@https://registry.npmjs.org/@babel/compat-data/-/compat-data-7.29.3.tgz. Extracting by manifest.
381 silly tarball no local data for @babel/code-frame@https://registry.npmjs.org/@babel/code-frame/-/code-frame-7.29.0.tgz. Extracting by manifest.
382 silly tarball no local data for @alloc/quick-lru@https://registry.npmjs.org/@alloc/quick-lru/-/quick-lru-5.2.0.tgz. Extracting by manifest.
383 silly tarball no local data for @rolldown/pluginutils@https://registry.npmjs.org/@rolldown/pluginutils/-/pluginutils-1.0.0-rc.18.tgz. Extracting by manifest.
384 silly tarball no local data for picomatch@https://registry.npmjs.org/picomatch/-/picomatch-2.3.2.tgz. Extracting by manifest.
385 silly tarball no local data for picomatch@https://registry.npmjs.org/picomatch/-/picomatch-2.3.2.tgz. Extracting by manifest.
386 silly tarball no local data for glob-parent@https://registry.npmjs.org/glob-parent/-/glob-parent-5.1.2.tgz. Extracting by manifest.
387 silly tarball no local data for glob-parent@https://registry.npmjs.org/glob-parent/-/glob-parent-5.1.2.tgz. Extracting by manifest.
388 silly tarball no local data for picomatch@https://registry.npmjs.org/picomatch/-/picomatch-2.3.2.tgz. Extracting by manifest.
389 silly tarball no local data for immer@https://registry.npmjs.org/immer/-/immer-11.1.7.tgz. Extracting by manifest.
390 silly tarball no local data for eslint-visitor-keys@https://registry.npmjs.org/eslint-visitor-keys/-/eslint-visitor-keys-3.4.3.tgz. Extracting by manifest.
391 http fetch POST 200 https://registry.npmjs.org/-/npm/v1/security/advisories/bulk 854ms
392 silly audit report {
392 silly audit report   xlsx: [
392 silly audit report     {
392 silly audit report       id: 1108110,
392 silly audit report       url: 'https://github.com/advisories/GHSA-4r6h-8v6p-xvw6',
392 silly audit report       title: 'Prototype Pollution in sheetJS',
392 silly audit report       severity: 'high',
392 silly audit report       vulnerable_versions: '<0.19.3',
392 silly audit report       cwe: [Array],
392 silly audit report       cvss: [Object]
392 silly audit report     },
392 silly audit report     {
392 silly audit report       id: 1108111,
392 silly audit report       url: 'https://github.com/advisories/GHSA-5pgg-2g8v-p4x9',
392 silly audit report       title: 'SheetJS Regular Expression Denial of Service (ReDoS)',
392 silly audit report       severity: 'high',
392 silly audit report       vulnerable_versions: '<0.20.2',
392 silly audit report       cwe: [Array],
392 silly audit report       cvss: [Object]
392 silly audit report     }
392 silly audit report   ]
392 silly audit report }
393 silly packumentCache corgi:https://registry.npmjs.org/xlsx cache-miss
394 http fetch GET 200 https://registry.npmjs.org/which/-/which-2.0.2.tgz 1206ms (cache miss)
395 http fetch GET 200 https://registry.npmjs.org/yocto-queue/-/yocto-queue-0.1.0.tgz 1209ms (cache miss)
396 http fetch GET 200 https://registry.npmjs.org/word-wrap/-/word-wrap-1.2.5.tgz 1246ms (cache miss)
397 http fetch GET 200 https://registry.npmjs.org/tiny-invariant/-/tiny-invariant-1.3.3.tgz 1239ms (cache miss)
398 http fetch GET 200 https://registry.npmjs.org/yallist/-/yallist-3.1.1.tgz 1294ms (cache miss)
399 http fetch GET 200 https://registry.npmjs.org/util-deprecate/-/util-deprecate-1.0.2.tgz 1289ms (cache miss)
400 http fetch GET 200 https://registry.npmjs.org/shebang-regex/-/shebang-regex-3.0.0.tgz 1301ms (cache miss)
401 http fetch GET 200 https://registry.npmjs.org/word/-/word-0.3.0.tgz 1342ms (cache miss)
402 http fetch GET 200 https://registry.npmjs.org/to-regex-range/-/to-regex-range-5.0.1.tgz 1336ms (cache miss)
403 http fetch GET 200 https://registry.npmjs.org/thenify-all/-/thenify-all-1.6.0.tgz 1335ms (cache miss)
404 http fetch GET 200 https://registry.npmjs.org/shebang-command/-/shebang-command-2.0.0.tgz 1323ms (cache miss)
405 http fetch GET 200 https://registry.npmjs.org/readdirp/-/readdirp-3.6.0.tgz 1314ms (cache miss)
406 http fetch GET 200 https://registry.npmjs.org/thenify/-/thenify-3.3.1.tgz 1362ms (cache miss)
407 http fetch GET 200 https://registry.npmjs.org/rgbcolor/-/rgbcolor-1.0.1.tgz 1348ms (cache miss)
408 http fetch GET 200 https://registry.npmjs.org/regenerator-runtime/-/regenerator-runtime-0.13.11.tgz 1347ms (cache miss)
409 http fetch GET 200 https://registry.npmjs.org/supports-preserve-symlinks-flag/-/supports-preserve-symlinks-flag-1.0.0.tgz 1386ms (cache miss)
410 http fetch GET 200 https://registry.npmjs.org/semver/-/semver-6.3.1.tgz 1382ms (cache miss)
411 http fetch GET 200 https://registry.npmjs.org/run-parallel/-/run-parallel-1.2.0.tgz 1382ms (cache miss)
412 http fetch GET 200 https://registry.npmjs.org/reusify/-/reusify-1.1.0.tgz 1380ms (cache miss)
413 http fetch GET 200 https://registry.npmjs.org/update-browserslist-db/-/update-browserslist-db-1.2.3.tgz 1458ms (cache miss)
414 http fetch GET 200 https://registry.npmjs.org/redux-thunk/-/redux-thunk-3.1.0.tgz 1438ms (cache miss)
415 http fetch GET 200 https://registry.npmjs.org/postcss-load-config/-/postcss-load-config-6.0.1.tgz 1420ms (cache miss)
416 http fetch GET 200 https://registry.npmjs.org/type-check/-/type-check-0.4.0.tgz 1498ms (cache miss)
417 http fetch GET 200 https://registry.npmjs.org/proxy-from-env/-/proxy-from-env-2.1.0.tgz 1462ms (cache miss)
418 http fetch GET 200 https://registry.npmjs.org/postcss-nested/-/postcss-nested-6.2.0.tgz 1460ms (cache miss)
419 http fetch GET 200 https://registry.npmjs.org/postcss-value-parser/-/postcss-value-parser-4.2.0.tgz 1462ms (cache miss)
420 http fetch GET 200 https://registry.npmjs.org/read-cache/-/read-cache-1.0.0.tgz 1497ms (cache miss)
421 http fetch GET 200 https://registry.npmjs.org/react-is/-/react-is-19.2.6.tgz 1495ms (cache miss)
422 http fetch GET 200 https://registry.npmjs.org/queue-microtask/-/queue-microtask-1.2.3.tgz 1490ms (cache miss)
423 http fetch GET 200 https://registry.npmjs.org/postcss-js/-/postcss-js-4.1.0.tgz 1485ms (cache miss)
424 http fetch GET 200 https://registry.npmjs.org/pify/-/pify-2.3.0.tgz 1484ms (cache miss)
425 http fetch GET 200 https://registry.npmjs.org/postcss-import/-/postcss-import-15.1.0.tgz 1485ms (cache miss)
426 http fetch GET 200 https://registry.npmjs.org/path-key/-/path-key-3.1.1.tgz 1483ms (cache miss)
427 http fetch GET 200 https://registry.npmjs.org/object-hash/-/object-hash-3.0.0.tgz 1476ms (cache miss)
428 http fetch GET 200 https://registry.npmjs.org/use-sync-external-store/-/use-sync-external-store-1.6.0.tgz 1553ms (cache miss)
429 http fetch GET 200 https://registry.npmjs.org/tinyglobby/-/tinyglobby-0.2.16.tgz 1551ms (cache miss)
430 http fetch GET 200 https://registry.npmjs.org/raf/-/raf-3.4.1.tgz 1523ms (cache miss)
431 http fetch GET 200 https://registry.npmjs.org/punycode/-/punycode-2.3.1.tgz 1518ms (cache miss)
432 http fetch GET 200 https://registry.npmjs.org/path-exists/-/path-exists-4.0.0.tgz 1511ms (cache miss)
433 http fetch GET 200 https://registry.npmjs.org/p-locate/-/p-locate-5.0.0.tgz 1507ms (cache miss)
434 http fetch GET 200 https://registry.npmjs.org/p-limit/-/p-limit-3.1.0.tgz 1506ms (cache miss)
435 http fetch GET 200 https://registry.npmjs.org/pirates/-/pirates-4.0.7.tgz 1546ms (cache miss)
436 http fetch GET 200 https://registry.npmjs.org/path-parse/-/path-parse-1.0.7.tgz 1544ms (cache miss)
437 http fetch GET 200 https://registry.npmjs.org/object-assign/-/object-assign-4.1.1.tgz 1537ms (cache miss)
438 http fetch GET 200 https://registry.npmjs.org/ms/-/ms-2.1.3.tgz 1535ms (cache miss)
439 http fetch GET 200 https://registry.npmjs.org/lines-and-columns/-/lines-and-columns-1.2.4.tgz 1527ms (cache miss)
440 http fetch GET 200 https://registry.npmjs.org/performance-now/-/performance-now-2.1.0.tgz 1590ms (cache miss)
441 http fetch GET 200 https://registry.npmjs.org/normalize-path/-/normalize-path-3.0.0.tgz 1581ms (cache miss)
442 http fetch GET 200 https://registry.npmjs.org/natural-compare/-/natural-compare-1.4.0.tgz 1581ms (cache miss)
443 http fetch GET 200 https://registry.npmjs.org/mime-types/-/mime-types-2.1.35.tgz 1575ms (cache miss)
444 http fetch GET 200 https://registry.npmjs.org/optionator/-/optionator-0.9.4.tgz 1621ms (cache miss)
445 http fetch GET 200 https://registry.npmjs.org/node-releases/-/node-releases-2.0.38.tgz 1618ms (cache miss)
446 http fetch GET 200 https://registry.npmjs.org/mz/-/mz-2.7.0.tgz 1618ms (cache miss)
447 http fetch GET 200 https://registry.npmjs.org/merge2/-/merge2-1.4.1.tgz 1611ms (cache miss)
448 http fetch GET 200 https://registry.npmjs.org/lru-cache/-/lru-cache-5.1.1.tgz 1611ms (cache miss)
449 http fetch GET 200 https://registry.npmjs.org/math-intrinsics/-/math-intrinsics-1.1.0.tgz 1612ms (cache miss)
450 http fetch GET 200 https://registry.npmjs.org/json-stable-stringify-without-jsonify/-/json-stable-stringify-without-jsonify-1.0.1.tgz 1603ms (cache miss)
451 http fetch GET 200 https://registry.npmjs.org/scheduler/-/scheduler-0.27.0.tgz 1687ms (cache miss)
452 http fetch GET 200 https://registry.npmjs.org/jsesc/-/jsesc-3.1.0.tgz 1634ms (cache miss)
453 http fetch GET 200 https://registry.npmjs.org/is-glob/-/is-glob-4.0.3.tgz 1631ms (cache miss)
454 http fetch GET 200 https://registry.npmjs.org/locate-path/-/locate-path-6.0.0.tgz 1708ms (cache miss)
455 http fetch GET 200 https://registry.npmjs.org/keyv/-/keyv-4.5.4.tgz 1709ms (cache miss)
456 http fetch GET 200 https://registry.npmjs.org/js-tokens/-/js-tokens-4.0.0.tgz 1701ms (cache miss)
457 http fetch GET 200 https://registry.npmjs.org/json-schema-traverse/-/json-schema-traverse-0.4.1.tgz 1704ms (cache miss)
458 http fetch GET 200 https://registry.npmjs.org/mime-db/-/mime-db-1.52.0.tgz 1763ms (cache miss)
459 http fetch GET 200 https://registry.npmjs.org/lilconfig/-/lilconfig-3.1.3.tgz 1760ms (cache miss)
460 http fetch GET 200 https://registry.npmjs.org/json-buffer/-/json-buffer-3.0.1.tgz 1752ms (cache miss)
461 http fetch GET 200 https://registry.npmjs.org/has-tostringtag/-/has-tostringtag-1.0.2.tgz 1735ms (cache miss)
462 http fetch GET 200 https://registry.npmjs.org/levn/-/levn-0.4.1.tgz 1791ms (cache miss)
463 http fetch GET 200 https://registry.npmjs.org/is-binary-path/-/is-binary-path-2.1.0.tgz 1778ms (cache miss)
464 http fetch GET 200 https://registry.npmjs.org/iobuffer/-/iobuffer-5.4.0.tgz 1779ms (cache miss)
465 http fetch GET 200 https://registry.npmjs.org/internmap/-/internmap-2.0.3.tgz 1778ms (cache miss)
466 http fetch GET 200 https://registry.npmjs.org/imurmurhash/-/imurmurhash-0.1.4.tgz 1774ms (cache miss)
467 http fetch GET 200 https://registry.npmjs.org/hasown/-/hasown-2.0.3.tgz 1767ms (cache miss)
468 http fetch GET 200 https://registry.npmjs.org/is-number/-/is-number-7.0.0.tgz 1810ms (cache miss)
469 http fetch GET 200 https://registry.npmjs.org/is-extglob/-/is-extglob-2.1.1.tgz 1809ms (cache miss)
470 http fetch GET 200 https://registry.npmjs.org/ignore/-/ignore-5.3.2.tgz 1800ms (cache miss)
471 http fetch GET 200 https://registry.npmjs.org/ts-interface-checker/-/ts-interface-checker-0.1.13.tgz 1906ms (cache miss)
472 http fetch GET 200 https://registry.npmjs.org/is-core-module/-/is-core-module-2.16.2.tgz 1834ms (cache miss)
473 http fetch GET 200 https://registry.npmjs.org/isexe/-/isexe-2.0.0.tgz 1836ms (cache miss)
474 http fetch GET 200 https://registry.npmjs.org/get-intrinsic/-/get-intrinsic-1.3.0.tgz 1809ms (cache miss)
475 http fetch GET 200 https://registry.npmjs.org/find-up/-/find-up-5.0.0.tgz 1796ms (cache miss)
476 http fetch GET 200 https://registry.npmjs.org/get-proto/-/get-proto-1.0.1.tgz 1839ms (cache miss)
477 http fetch GET 200 https://registry.npmjs.org/gensync/-/gensync-1.0.0-beta.2.tgz 1836ms (cache miss)
478 http fetch GET 200 https://registry.npmjs.org/frac/-/frac-1.1.2.tgz 1829ms (cache miss)
479 http fetch GET 200 https://registry.npmjs.org/flatted/-/flatted-3.4.2.tgz 1827ms (cache miss)
480 http fetch GET 200 https://registry.npmjs.org/has-symbols/-/has-symbols-1.1.0.tgz 1870ms (cache miss)
481 http fetch GET 200 https://registry.npmjs.org/glob-parent/-/glob-parent-6.0.2.tgz 1866ms (cache miss)
482 http fetch GET 200 https://registry.npmjs.org/follow-redirects/-/follow-redirects-1.16.0.tgz 1869ms (cache miss)
483 http fetch GET 200 https://registry.npmjs.org/fill-range/-/fill-range-7.1.1.tgz 1866ms (cache miss)
484 http fetch GET 200 https://registry.npmjs.org/fast-json-stable-stringify/-/fast-json-stable-stringify-2.1.0.tgz 1858ms (cache miss)
485 http fetch GET 200 https://registry.npmjs.org/fastq/-/fastq-1.20.1.tgz 1864ms (cache miss)
486 http fetch GET 200 https://registry.npmjs.org/esutils/-/esutils-2.0.3.tgz 1856ms (cache miss)
487 http fetch GET 200 https://registry.npmjs.org/form-data/-/form-data-4.0.5.tgz 1897ms (cache miss)
488 http fetch GET 200 https://registry.npmjs.org/fast-levenshtein/-/fast-levenshtein-2.0.6.tgz 1886ms (cache miss)
489 http fetch GET 200 https://registry.npmjs.org/estraverse/-/estraverse-5.3.0.tgz 1882ms (cache miss)
490 http fetch GET 200 https://registry.npmjs.org/eventemitter3/-/eventemitter3-5.0.4.tgz 1884ms (cache miss)
491 http fetch GET 200 https://registry.npmjs.org/fast-deep-equal/-/fast-deep-equal-3.1.3.tgz 1884ms (cache miss)
492 http fetch GET 200 https://registry.npmjs.org/gopd/-/gopd-1.2.0.tgz 1960ms (cache miss)
493 http fetch GET 200 https://registry.npmjs.org/function-bind/-/function-bind-1.1.2.tgz 1949ms (cache miss)
494 http fetch GET 200 https://registry.npmjs.org/file-entry-cache/-/file-entry-cache-8.0.0.tgz 1936ms (cache miss)
495 http fetch GET 200 https://registry.npmjs.org/esrecurse/-/esrecurse-4.3.0.tgz 1925ms (cache miss)
496 http fetch GET 200 https://registry.npmjs.org/eslint-plugin-react-refresh/-/eslint-plugin-react-refresh-0.5.2.tgz 1922ms (cache miss)
497 http fetch GET 200 https://registry.npmjs.org/es-define-property/-/es-define-property-1.0.1.tgz 1911ms (cache miss)
498 http fetch GET 200 https://registry.npmjs.org/dlv/-/dlv-1.1.3.tgz 1908ms (cache miss)
499 http fetch GET 200 https://registry.npmjs.org/prelude-ls/-/prelude-ls-1.2.1.tgz 2085ms (cache miss)
500 http fetch GET 200 https://registry.npmjs.org/jspdf-autotable/-/jspdf-autotable-5.0.7.tgz 2056ms (cache miss)
501 http fetch GET 200 https://registry.npmjs.org/globals/-/globals-17.6.0.tgz 2028ms (cache miss)
502 http fetch GET 200 https://registry.npmjs.org/escalade/-/escalade-3.2.0.tgz 1983ms (cache miss)
503 http fetch GET 200 https://registry.npmjs.org/escape-string-regexp/-/escape-string-regexp-4.0.0.tgz 1984ms (cache miss)
504 http fetch GET 200 https://registry.npmjs.org/es-errors/-/es-errors-1.3.0.tgz 1981ms (cache miss)
505 http fetch GET 200 https://registry.npmjs.org/eslint-visitor-keys/-/eslint-visitor-keys-5.0.1.tgz 2038ms (cache miss)
506 http fetch GET 200 https://registry.npmjs.org/dunder-proto/-/dunder-proto-1.0.1.tgz 2023ms (cache miss)
507 http fetch GET 200 https://registry.npmjs.org/debug/-/debug-4.4.3.tgz 2015ms (cache miss)
508 http fetch GET 200 https://registry.npmjs.org/d3-ease/-/d3-ease-3.0.1.tgz 2007ms (cache miss)
509 http fetch GET 200 https://registry.npmjs.org/micromatch/-/micromatch-4.0.8.tgz 2135ms (cache miss)
510 http fetch GET 200 https://registry.npmjs.org/flat-cache/-/flat-cache-4.0.1.tgz 2081ms (cache miss)
511 http fetch GET 200 https://registry.npmjs.org/es-set-tostringtag/-/es-set-tostringtag-2.1.0.tgz 2054ms (cache miss)
512 http fetch GET 200 https://registry.npmjs.org/es-object-atoms/-/es-object-atoms-1.1.1.tgz 2053ms (cache miss)
513 http fetch GET 200 https://registry.npmjs.org/didyoumean/-/didyoumean-1.2.2.tgz 2048ms (cache miss)
514 http fetch GET 200 https://registry.npmjs.org/deep-is/-/deep-is-0.1.4.tgz 2046ms (cache miss)
515 http fetch GET 200 https://registry.npmjs.org/crc-32/-/crc-32-1.2.2.tgz 2031ms (cache miss)
516 http fetch GET 200 https://registry.npmjs.org/ssf/-/ssf-0.11.2.tgz 2206ms (cache miss)
517 http fetch GET 200 https://registry.npmjs.org/delayed-stream/-/delayed-stream-1.0.0.tgz 2072ms (cache miss)
518 http fetch GET 200 https://registry.npmjs.org/d3-time/-/d3-time-3.1.0.tgz 2064ms (cache miss)
519 http fetch GET 200 https://registry.npmjs.org/d3-format/-/d3-format-3.1.2.tgz 2059ms (cache miss)
520 http fetch GET 200 https://registry.npmjs.org/combined-stream/-/combined-stream-1.0.8.tgz 2052ms (cache miss)
521 http fetch GET 200 https://registry.npmjs.org/d3-timer/-/d3-timer-3.0.1.tgz 2097ms (cache miss)
522 http fetch GET 200 https://registry.npmjs.org/cssesc/-/cssesc-3.0.0.tgz 2088ms (cache miss)
523 http fetch GET 200 https://registry.npmjs.org/convert-source-map/-/convert-source-map-2.0.0.tgz 2086ms (cache miss)
524 http fetch GET 200 https://registry.npmjs.org/braces/-/braces-3.0.3.tgz 2077ms (cache miss)
525 http fetch GET 200 https://registry.npmjs.org/call-bind-apply-helpers/-/call-bind-apply-helpers-1.0.2.tgz 2081ms (cache miss)
526 http fetch GET 200 https://registry.npmjs.org/d3-path/-/d3-path-3.1.0.tgz 2124ms (cache miss)
527 http fetch GET 200 https://registry.npmjs.org/cross-spawn/-/cross-spawn-7.0.6.tgz 2119ms (cache miss)
528 http fetch GET 200 https://registry.npmjs.org/commander/-/commander-4.1.1.tgz 2121ms (cache miss)
529 http fetch GET 200 https://registry.npmjs.org/clsx/-/clsx-2.1.1.tgz 2118ms (cache miss)
530 http fetch GET 200 https://registry.npmjs.org/d3-color/-/d3-color-3.1.0.tgz 2126ms (cache miss)
531 http fetch GET 200 https://registry.npmjs.org/balanced-match/-/balanced-match-4.0.4.tgz 2110ms (cache miss)
532 http fetch GET 200 https://registry.npmjs.org/espree/-/espree-11.2.0.tgz 2180ms (cache miss)
533 http fetch GET 200 https://registry.npmjs.org/camelcase-css/-/camelcase-css-2.0.1.tgz 2136ms (cache miss)
534 http fetch GET 200 https://registry.npmjs.org/brace-expansion/-/brace-expansion-5.0.6.tgz 2132ms (cache miss)
535 http fetch GET 200 https://registry.npmjs.org/adler-32/-/adler-32-1.3.1.tgz 2125ms (cache miss)
536 http fetch GET 200 https://registry.npmjs.org/chokidar/-/chokidar-3.6.0.tgz 2164ms (cache miss)
537 http fetch GET 200 https://registry.npmjs.org/browserslist/-/browserslist-4.28.2.tgz 2162ms (cache miss)
538 http fetch GET 200 https://registry.npmjs.org/base64-arraybuffer/-/base64-arraybuffer-1.0.2.tgz 2158ms (cache miss)
539 http fetch GET 200 https://registry.npmjs.org/asynckit/-/asynckit-0.4.0.tgz 2153ms (cache miss)
540 http fetch GET 200 https://registry.npmjs.org/@types/trusted-types/-/trusted-types-2.0.7.tgz 2148ms (cache miss)
541 http fetch GET 200 https://registry.npmjs.org/aria-hidden/-/aria-hidden-1.2.6.tgz 2238ms (cache miss)
542 http fetch GET 200 https://registry.npmjs.org/arg/-/arg-5.0.2.tgz 2237ms (cache miss)
543 http fetch GET 200 https://registry.npmjs.org/anymatch/-/anymatch-3.1.3.tgz 2236ms (cache miss)
544 http fetch GET 200 https://registry.npmjs.org/any-promise/-/any-promise-1.3.0.tgz 2236ms (cache miss)
545 http fetch GET 200 https://registry.npmjs.org/acorn-jsx/-/acorn-jsx-5.3.2.tgz 2235ms (cache miss)
546 http fetch GET 200 https://registry.npmjs.org/@types/pako/-/pako-2.0.4.tgz 2231ms (cache miss)
547 http fetch GET 200 https://registry.npmjs.org/binary-extensions/-/binary-extensions-2.3.0.tgz 2267ms (cache miss)
548 http fetch GET 200 https://registry.npmjs.org/@types/d3-timer/-/d3-timer-3.0.2.tgz 2251ms (cache miss)
549 http fetch GET 200 https://registry.npmjs.org/@types/d3-time/-/d3-time-3.0.4.tgz 2250ms (cache miss)
550 http fetch GET 200 https://registry.npmjs.org/@types/d3-scale/-/d3-scale-4.0.9.tgz 2269ms (cache miss)
551 http fetch GET 200 https://registry.npmjs.org/@types/d3-ease/-/d3-ease-3.0.2.tgz 2267ms (cache miss)
552 http fetch GET 200 https://registry.npmjs.org/text-segmentation/-/text-segmentation-1.0.3.tgz 2498ms (cache miss)
553 http fetch GET 200 https://registry.npmjs.org/json5/-/json5-2.2.3.tgz 2435ms (cache miss)
554 http fetch GET 200 https://registry.npmjs.org/@types/use-sync-external-store/-/use-sync-external-store-0.0.6.tgz 2312ms (cache miss)
555 http fetch GET 200 https://registry.npmjs.org/@types/react-dom/-/react-dom-19.2.3.tgz 2311ms (cache miss)
556 http fetch GET 200 https://registry.npmjs.org/@types/json-schema/-/json-schema-7.0.15.tgz 2309ms (cache miss)
557 http fetch GET 200 https://registry.npmjs.org/@types/esrecurse/-/esrecurse-4.3.1.tgz 2308ms (cache miss)
558 http fetch GET 200 https://registry.npmjs.org/@types/d3-interpolate/-/d3-interpolate-3.0.4.tgz 2303ms (cache miss)
559 http fetch GET 200 https://registry.npmjs.org/react/-/react-19.2.6.tgz 2502ms (cache miss)
560 http fetch GET 200 https://registry.npmjs.org/@types/raf/-/raf-3.4.3.tgz 2339ms (cache miss)
561 http fetch GET 200 https://registry.npmjs.org/@types/d3-shape/-/d3-shape-3.1.8.tgz 2334ms (cache miss)
562 http fetch GET 200 https://registry.npmjs.org/@vitejs/plugin-react/-/plugin-react-6.0.1.tgz 2342ms (cache miss)
563 http fetch GET 200 https://registry.npmjs.org/@types/d3-color/-/d3-color-3.1.3.tgz 2331ms (cache miss)
564 http fetch GET 200 https://registry.npmjs.org/@types/estree/-/estree-1.0.9.tgz 2351ms (cache miss)
565 http fetch GET 200 https://registry.npmjs.org/@types/d3-array/-/d3-array-3.2.2.tgz 2344ms (cache miss)
566 http fetch GET 200 https://registry.npmjs.org/@tanstack/react-virtual/-/react-virtual-3.13.24.tgz 2343ms (cache miss)
567 http fetch GET 200 https://registry.npmjs.org/@react-aria/interactions/-/interactions-3.28.0.tgz 2335ms (cache miss)
568 http fetch GET 200 https://registry.npmjs.org/@types/d3-path/-/d3-path-3.1.1.tgz 2365ms (cache miss)
569 http fetch GET 200 https://registry.npmjs.org/@standard-schema/utils/-/utils-0.3.0.tgz 2358ms (cache miss)
570 http fetch GET 200 https://registry.npmjs.org/@react-aria/focus/-/focus-3.22.0.tgz 2354ms (cache miss)
571 http fetch GET 200 https://registry.npmjs.org/@radix-ui/react-compose-refs/-/react-compose-refs-1.1.2.tgz 2353ms (cache miss)
572 http fetch GET 200 https://registry.npmjs.org/electron-to-chromium/-/electron-to-chromium-1.5.352.tgz 2434ms (cache miss)
573 http fetch GET 200 https://registry.npmjs.org/@standard-schema/spec/-/spec-1.1.0.tgz 2372ms (cache miss)
574 http fetch GET 200 https://registry.npmjs.org/@oxc-project/types/-/types-0.128.0.tgz 2367ms (cache miss)
575 http fetch GET 200 https://registry.npmjs.org/@nodelib/fs.scandir/-/fs.scandir-2.1.5.tgz 2365ms (cache miss)
576 http fetch GET 200 https://registry.npmjs.org/@jridgewell/resolve-uri/-/resolve-uri-3.1.2.tgz 2361ms (cache miss)
577 http fetch GET 200 https://registry.npmjs.org/zod-validation-error/-/zod-validation-error-4.0.2.tgz 2604ms (cache miss)
578 http fetch GET 200 https://registry.npmjs.org/eslint-scope/-/eslint-scope-9.1.2.tgz 2463ms (cache miss)
579 http fetch GET 200 https://registry.npmjs.org/@radix-ui/react-slot/-/react-slot-1.2.4.tgz 2383ms (cache miss)
580 http fetch GET 200 https://registry.npmjs.org/@nodelib/fs.walk/-/fs.walk-1.2.8.tgz 2381ms (cache miss)
581 http fetch GET 200 https://registry.npmjs.org/@internationalized/string/-/string-3.2.8.tgz 2376ms (cache miss)
582 http fetch GET 200 https://registry.npmjs.org/fraction.js/-/fraction.js-5.3.4.tgz 2501ms (cache miss)
583 http fetch GET 200 https://registry.npmjs.org/@rolldown/pluginutils/-/pluginutils-1.0.0-rc.7.tgz 2403ms (cache miss)
584 http fetch GET 200 https://registry.npmjs.org/@nodelib/fs.stat/-/fs.stat-2.0.5.tgz 2398ms (cache miss)
585 http fetch GET 200 https://registry.npmjs.org/@humanwhocodes/retry/-/retry-0.4.3.tgz 2391ms (cache miss)
586 http fetch GET 200 https://registry.npmjs.org/stackblur-canvas/-/stackblur-canvas-2.7.0.tgz 2614ms (cache miss)
587 http fetch GET 200 https://registry.npmjs.org/react-hot-toast/-/react-hot-toast-2.6.0.tgz 2599ms (cache miss)
588 http fetch GET 200 https://registry.npmjs.org/hermes-estree/-/hermes-estree-0.25.1.tgz 2540ms (cache miss)
589 http fetch GET 200 https://registry.npmjs.org/@humanfs/types/-/types-0.15.0.tgz 2404ms (cache miss)
590 http fetch GET 200 https://registry.npmjs.org/baseline-browser-mapping/-/baseline-browser-mapping-2.10.27.tgz 2456ms (cache miss)
591 http fetch GET 200 https://registry.npmjs.org/@humanwhocodes/module-importer/-/module-importer-1.0.1.tgz 2415ms (cache miss)
592 http fetch GET 200 https://registry.npmjs.org/@floating-ui/utils/-/utils-0.2.11.tgz 2411ms (cache miss)
593 http fetch GET 200 https://registry.npmjs.org/@humanfs/node/-/node-0.16.8.tgz 2510ms (cache miss)
594 http fetch GET 200 https://registry.npmjs.org/@eslint/config-helpers/-/config-helpers-0.5.5.tgz 2513ms (cache miss)
595 http fetch GET 200 https://registry.npmjs.org/@eslint/js/-/js-10.0.1.tgz 2514ms (cache miss)
596 http fetch GET 200 https://registry.npmjs.org/@babel/helper-validator-option/-/helper-validator-option-7.27.1.tgz 2506ms (cache miss)
597 http fetch GET 200 https://registry.npmjs.org/@babel/helper-globals/-/helper-globals-7.28.0.tgz 2512ms (cache miss)
598 http fetch GET 200 https://registry.npmjs.org/decimal.js-light/-/decimal.js-light-2.5.1.tgz 2614ms (cache miss)
599 http fetch GET 200 https://registry.npmjs.org/@humanfs/core/-/core-0.19.2.tgz 2552ms (cache miss)
600 http fetch GET 200 https://registry.npmjs.org/@floating-ui/react-dom/-/react-dom-2.1.8.tgz 2549ms (cache miss)
601 http fetch GET 200 https://registry.npmjs.org/glob-parent/-/glob-parent-5.1.2.tgz 2527ms (cache miss)
602 http fetch GET 200 https://registry.npmjs.org/@babel/helper-string-parser/-/helper-string-parser-7.27.1.tgz 2546ms (cache miss)
603 http fetch GET 200 https://registry.npmjs.org/@babel/helper-validator-identifier/-/helper-validator-identifier-7.28.5.tgz 2546ms (cache miss)
604 http fetch GET 200 https://registry.npmjs.org/@babel/helper-compilation-targets/-/helper-compilation-targets-7.28.6.tgz 2543ms (cache miss)
605 http fetch GET 200 https://registry.npmjs.org/@alloc/quick-lru/-/quick-lru-5.2.0.tgz 2542ms (cache miss)
606 http fetch GET 200 https://registry.npmjs.org/wmf/-/wmf-1.0.2.tgz 2801ms (cache miss)
607 http fetch GET 200 https://registry.npmjs.org/d3-interpolate/-/d3-interpolate-3.0.1.tgz 2635ms (cache miss)
608 http fetch GET 200 https://registry.npmjs.org/@eslint/core/-/core-1.2.1.tgz 2566ms (cache miss)
609 http fetch GET 200 https://registry.npmjs.org/@babel/helper-module-imports/-/helper-module-imports-7.28.6.tgz 2555ms (cache miss)
610 http fetch GET 200 https://registry.npmjs.org/eslint-visitor-keys/-/eslint-visitor-keys-3.4.3.tgz 2544ms (cache miss)
611 http fetch GET 200 https://registry.npmjs.org/postcss-selector-parser/-/postcss-selector-parser-6.1.2.tgz 2770ms (cache miss)
612 http fetch GET 200 https://registry.npmjs.org/@eslint/object-schema/-/object-schema-3.0.5.tgz 2575ms (cache miss)
613 http fetch GET 200 https://registry.npmjs.org/@babel/code-frame/-/code-frame-7.29.0.tgz 2560ms (cache miss)
614 http fetch GET 200 https://registry.npmjs.org/@rolldown/pluginutils/-/pluginutils-1.0.0-rc.18.tgz 2557ms (cache miss)
615 http fetch GET 200 https://registry.npmjs.org/glob-parent/-/glob-parent-5.1.2.tgz 2563ms (cache miss)
616 http fetch GET 200 https://registry.npmjs.org/picomatch/-/picomatch-2.3.2.tgz 2570ms (cache miss)
617 http fetch GET 200 https://registry.npmjs.org/@react-types/shared/-/shared-3.34.0.tgz 2621ms (cache miss)
618 http fetch GET 200 https://registry.npmjs.org/@floating-ui/dom/-/dom-1.7.6.tgz 2602ms (cache miss)
619 http fetch GET 200 https://registry.npmjs.org/@eslint/plugin-kit/-/plugin-kit-0.7.1.tgz 2602ms (cache miss)
620 http fetch GET 200 https://registry.npmjs.org/picomatch/-/picomatch-2.3.2.tgz 2582ms (cache miss)
621 http fetch GET 200 https://registry.npmjs.org/picomatch/-/picomatch-2.3.2.tgz 2585ms (cache miss)
622 http fetch GET 200 https://registry.npmjs.org/svg-pathdata/-/svg-pathdata-6.0.3.tgz 2844ms (cache miss)
623 http fetch GET 200 https://registry.npmjs.org/d3-scale/-/d3-scale-4.0.2.tgz 2695ms (cache miss)
624 http fetch GET 200 https://registry.npmjs.org/@floating-ui/core/-/core-1.7.5.tgz 2634ms (cache miss)
625 http fetch GET 200 https://registry.npmjs.org/@babel/compat-data/-/compat-data-7.29.3.tgz 2618ms (cache miss)
626 http fetch GET 200 https://registry.npmjs.org/xlsx 2210ms (cache miss)
627 silly packumentCache corgi:https://registry.npmjs.org/xlsx set size:undefined disposed:false
628 http fetch GET 200 https://registry.npmjs.org/cfb/-/cfb-1.2.2.tgz 2717ms (cache miss)
629 http fetch GET 200 https://registry.npmjs.org/utrie/-/utrie-1.0.2.tgz 2906ms (cache miss)
630 http fetch GET 200 https://registry.npmjs.org/@tanstack/virtual-core/-/virtual-core-3.14.0.tgz 2698ms (cache miss)
631 http fetch GET 200 https://registry.npmjs.org/@babel/helper-module-transforms/-/helper-module-transforms-7.28.6.tgz 2659ms (cache miss)
632 http fetch GET 200 https://registry.npmjs.org/@babel/template/-/template-7.28.6.tgz 2665ms (cache miss)
633 http fetch GET 200 https://registry.npmjs.org/@jridgewell/sourcemap-codec/-/sourcemap-codec-1.5.5.tgz 2695ms (cache miss)
634 http fetch GET 200 https://registry.npmjs.org/redux/-/redux-5.0.1.tgz 2901ms (cache miss)
635 http fetch GET 200 https://registry.npmjs.org/d3-time-format/-/d3-time-format-4.1.0.tgz 2765ms (cache miss)
636 http fetch GET 200 https://registry.npmjs.org/@types/react/-/react-19.2.14.tgz 2729ms (cache miss)
637 http fetch GET 200 https://registry.npmjs.org/@jridgewell/remapping/-/remapping-2.3.5.tgz 2707ms (cache miss)
638 http fetch GET 200 https://registry.npmjs.org/postcss/-/postcss-8.5.14.tgz 2894ms (cache miss)
639 http fetch GET 200 https://registry.npmjs.org/acorn/-/acorn-8.16.0.tgz 2761ms (cache miss)
640 http fetch GET 200 https://registry.npmjs.org/@jridgewell/gen-mapping/-/gen-mapping-0.3.13.tgz 2741ms (cache miss)
641 http fetch GET 200 https://registry.npmjs.org/@eslint-community/regexpp/-/regexpp-4.12.2.tgz 2733ms (cache miss)
642 http fetch GET 200 https://registry.npmjs.org/@eslint-community/eslint-utils/-/eslint-utils-4.9.1.tgz 2744ms (cache miss)
643 http fetch GET 200 https://registry.npmjs.org/tabbable/-/tabbable-6.4.0.tgz 2981ms (cache miss)
644 http fetch GET 200 https://registry.npmjs.org/reselect/-/reselect-5.1.1.tgz 2997ms (cache miss)
645 http fetch GET 200 https://registry.npmjs.org/fflate/-/fflate-0.8.2.tgz 2912ms (cache miss)
646 http fetch GET 200 https://registry.npmjs.org/@internationalized/number/-/number-3.6.6.tgz 2812ms (cache miss)
647 http fetch GET 200 https://registry.npmjs.org/motion-utils/-/motion-utils-12.36.0.tgz 2992ms (cache miss)
648 http fetch GET 200 https://registry.npmjs.org/@eslint/config-array/-/config-array-0.23.5.tgz 2810ms (cache miss)
649 http fetch GET 200 https://registry.npmjs.org/react-router/-/react-router-6.30.3.tgz 3029ms (cache miss)
650 http fetch GET 200 https://registry.npmjs.org/dompurify/-/dompurify-3.4.2.tgz 2908ms (cache miss)
651 http fetch GET 200 https://registry.npmjs.org/css-line-break/-/css-line-break-2.1.0.tgz 2889ms (cache miss)
652 http fetch GET 200 https://registry.npmjs.org/fast-glob/-/fast-glob-3.3.3.tgz 2941ms (cache miss)
653 http fetch GET 200 https://registry.npmjs.org/@jridgewell/trace-mapping/-/trace-mapping-0.3.31.tgz 2858ms (cache miss)
654 http fetch GET 200 https://registry.npmjs.org/d3-array/-/d3-array-3.2.4.tgz 2924ms (cache miss)
655 http fetch GET 200 https://registry.npmjs.org/minimatch/-/minimatch-10.2.5.tgz 3039ms (cache miss)
656 http fetch GET 200 https://registry.npmjs.org/csstype/-/csstype-3.2.3.tgz 2948ms (cache miss)
657 http fetch GET 200 https://registry.npmjs.org/immer/-/immer-10.2.0.tgz 3035ms (cache miss)
658 http fetch GET 200 https://registry.npmjs.org/esquery/-/esquery-1.7.0.tgz 2996ms (cache miss)
659 http fetch GET 200 https://registry.npmjs.org/react-router-dom/-/react-router-dom-6.30.3.tgz 3101ms (cache miss)
660 http fetch GET 200 https://registry.npmjs.org/@floating-ui/react/-/react-0.26.28.tgz 2896ms (cache miss)
661 http fetch GET 200 https://registry.npmjs.org/d3-shape/-/d3-shape-3.2.0.tgz 2973ms (cache miss)
662 http fetch GET 200 https://registry.npmjs.org/uri-js/-/uri-js-4.4.1.tgz 3156ms (cache miss)
663 http fetch GET 200 https://registry.npmjs.org/goober/-/goober-2.1.18.tgz 3061ms (cache miss)
664 http fetch GET 200 https://registry.npmjs.org/fast-png/-/fast-png-6.4.0.tgz 3083ms (cache miss)
665 http fetch GET 200 https://registry.npmjs.org/autoprefixer/-/autoprefixer-10.5.0.tgz 3022ms (cache miss)
666 http fetch GET 200 https://registry.npmjs.org/tailwind-merge/-/tailwind-merge-3.5.0.tgz 3209ms (cache miss)
667 http fetch GET 200 https://registry.npmjs.org/@babel/generator/-/generator-7.29.1.tgz 3011ms (cache miss)
668 http fetch GET 200 https://registry.npmjs.org/rolldown/-/rolldown-1.0.0-rc.18.tgz 3271ms (cache miss)
669 http fetch GET 200 https://registry.npmjs.org/react-redux/-/react-redux-9.2.0.tgz 3271ms (cache miss)
670 http fetch GET 200 https://registry.npmjs.org/hermes-parser/-/hermes-parser-0.25.1.tgz 3212ms (cache miss)
671 http fetch GET 200 https://registry.npmjs.org/jiti/-/jiti-1.21.7.tgz 3274ms (cache miss)
672 http fetch GET 200 https://registry.npmjs.org/immer/-/immer-11.1.7.tgz 3133ms (cache miss)
673 http fetch GET 200 https://registry.npmjs.org/pako/-/pako-2.1.0.tgz 3350ms (cache miss)
674 http fetch GET 200 https://registry.npmjs.org/@babel/traverse/-/traverse-7.29.0.tgz 3229ms (cache miss)
675 http fetch GET 200 https://registry.npmjs.org/@babel/parser/-/parser-7.29.3.tgz 3247ms (cache miss)
676 http fetch GET 200 https://registry.npmjs.org/ajv/-/ajv-6.15.0.tgz 3362ms (cache miss)
677 http fetch GET 200 https://registry.npmjs.org/resolve/-/resolve-1.22.12.tgz 3574ms (cache miss)
678 http fetch GET 200 https://registry.npmjs.org/vite/-/vite-8.0.11.tgz 3599ms (cache miss)
679 http fetch GET 200 https://registry.npmjs.org/@remix-run/router/-/router-1.23.2.tgz 3447ms (cache miss)
680 http fetch GET 200 https://registry.npmjs.org/@babel/core/-/core-7.29.0.tgz 3510ms (cache miss)
681 http fetch GET 200 https://registry.npmjs.org/canvg/-/canvg-3.0.11.tgz 3592ms (cache miss)
682 http fetch GET 200 https://registry.npmjs.org/eslint-plugin-react-hooks/-/eslint-plugin-react-hooks-7.1.1.tgz 3658ms (cache miss)
683 http fetch GET 200 https://registry.npmjs.org/@babel/runtime/-/runtime-7.29.2.tgz 3624ms (cache miss)
684 http fetch GET 200 https://registry.npmjs.org/axios/-/axios-1.16.0.tgz 3749ms (cache miss)
685 http fetch GET 200 https://registry.npmjs.org/@internationalized/date/-/date-3.12.1.tgz 3746ms (cache miss)
686 http fetch GET 200 https://registry.npmjs.org/sucrase/-/sucrase-3.35.1.tgz 3987ms (cache miss)
687 http fetch GET 200 https://registry.npmjs.org/@babel/helpers/-/helpers-7.29.2.tgz 3779ms (cache miss)
688 http fetch GET 200 https://registry.npmjs.org/victory-vendor/-/victory-vendor-37.3.6.tgz 4244ms (cache miss)
689 http fetch GET 200 https://registry.npmjs.org/@babel/types/-/types-7.29.0.tgz 4057ms (cache miss)
690 http fetch GET 200 https://registry.npmjs.org/react-dom/-/react-dom-19.2.6.tgz 4413ms (cache miss)
691 http fetch GET 200 https://registry.npmjs.org/@tanstack/react-query/-/react-query-5.100.9.tgz 4260ms (cache miss)
692 http fetch GET 200 https://registry.npmjs.org/@headlessui/react/-/react-2.2.10.tgz 4273ms (cache miss)
693 http fetch GET 200 https://registry.npmjs.org/@tanstack/query-core/-/query-core-5.100.9.tgz 4299ms (cache miss)
694 http fetch GET 200 https://registry.npmjs.org/xlsx/-/xlsx-0.18.5.tgz 4574ms (cache miss)
695 http fetch GET 200 https://registry.npmjs.org/codepage/-/codepage-1.15.0.tgz 4433ms (cache miss)
696 http fetch GET 200 https://registry.npmjs.org/tailwindcss/-/tailwindcss-3.4.19.tgz 4792ms (cache miss)
697 http fetch GET 200 https://registry.npmjs.org/lightningcss-linux-x64-musl/-/lightningcss-linux-x64-musl-1.32.0.tgz 4847ms (cache miss)
698 http fetch GET 200 https://registry.npmjs.org/eslint/-/eslint-10.3.0.tgz 4780ms (cache miss)
699 http fetch GET 200 https://registry.npmjs.org/@swc/helpers/-/helpers-0.5.21.tgz 4823ms (cache miss)
700 http fetch GET 200 https://registry.npmjs.org/html2canvas/-/html2canvas-1.4.1.tgz 4960ms (cache miss)
701 http fetch GET 200 https://registry.npmjs.org/@reduxjs/toolkit/-/toolkit-2.11.2.tgz 4905ms (cache miss)
702 http fetch GET 200 https://registry.npmjs.org/framer-motion/-/framer-motion-12.38.0.tgz 5038ms (cache miss)
703 http fetch GET 200 https://registry.npmjs.org/motion-dom/-/motion-dom-12.38.0.tgz 5136ms (cache miss)
704 http fetch GET 200 https://registry.npmjs.org/caniuse-lite/-/caniuse-lite-1.0.30001792.tgz 5170ms (cache miss)
705 http fetch GET 200 https://registry.npmjs.org/zod/-/zod-4.4.3.tgz 5545ms (cache miss)
706 http fetch GET 200 https://registry.npmjs.org/recharts/-/recharts-3.8.1.tgz 5811ms (cache miss)
707 http fetch GET 200 https://registry.npmjs.org/@rolldown/binding-linux-x64-musl/-/binding-linux-x64-musl-1.0.0-rc.18.tgz 5749ms (cache miss)
708 http fetch GET 200 https://registry.npmjs.org/@rolldown/binding-linux-x64-gnu/-/binding-linux-x64-gnu-1.0.0-rc.18.tgz 5751ms (cache miss)
709 http fetch GET 200 https://registry.npmjs.org/jspdf/-/jspdf-4.2.1.tgz 6109ms (cache miss)
710 http fetch GET 200 https://registry.npmjs.org/react-stately/-/react-stately-3.46.0.tgz 6727ms (cache miss)
711 http fetch GET 200 https://registry.npmjs.org/es-toolkit/-/es-toolkit-1.46.1.tgz 6719ms (cache miss)
712 http fetch GET 200 https://registry.npmjs.org/core-js/-/core-js-3.49.0.tgz 7019ms (cache miss)
713 http fetch GET 200 https://registry.npmjs.org/lucide-react/-/lucide-react-0.479.0.tgz 7616ms (cache miss)
714 http fetch GET 200 https://registry.npmjs.org/react-aria/-/react-aria-3.48.0.tgz 8327ms (cache miss)
715 info run core-js@3.49.0 postinstall node_modules/core-js node -e "try{require('./postinstall')}catch(e){}"
716 info run core-js@3.49.0 postinstall { code: 0, signal: null }
717 silly ADD node_modules/zod-validation-error
718 silly ADD node_modules/zod
719 silly ADD node_modules/yocto-queue
720 silly ADD node_modules/yallist
721 silly ADD node_modules/xlsx
722 silly ADD node_modules/word-wrap
723 silly ADD node_modules/word
724 silly ADD node_modules/wmf
725 silly ADD node_modules/which
726 silly ADD node_modules/vite
727 silly ADD node_modules/victory-vendor
728 silly ADD node_modules/utrie
729 silly ADD node_modules/util-deprecate
730 silly ADD node_modules/use-sync-external-store
731 silly ADD node_modules/uri-js
732 silly ADD node_modules/update-browserslist-db
733 silly ADD node_modules/type-check
734 silly ADD node_modules/tslib
735 silly ADD node_modules/ts-interface-checker
736 silly ADD node_modules/to-regex-range
737 silly ADD node_modules/tinyglobby
738 silly ADD node_modules/tiny-invariant
739 silly ADD node_modules/thenify-all
740 silly ADD node_modules/thenify
741 silly ADD node_modules/text-segmentation
742 silly ADD node_modules/tailwindcss
743 silly ADD node_modules/tailwind-merge
744 silly ADD node_modules/tabbable
745 silly ADD node_modules/svg-pathdata
746 silly ADD node_modules/supports-preserve-symlinks-flag
747 silly ADD node_modules/sucrase
748 silly ADD node_modules/stackblur-canvas
749 silly ADD node_modules/ssf
750 silly ADD node_modules/source-map-js
751 silly ADD node_modules/shebang-regex
752 silly ADD node_modules/shebang-command
753 silly ADD node_modules/semver
754 silly ADD node_modules/scheduler
755 silly ADD node_modules/run-parallel
756 silly ADD node_modules/rolldown
757 silly ADD node_modules/rolldown/node_modules/@rolldown/pluginutils
758 silly ADD node_modules/rgbcolor
759 silly ADD node_modules/reusify
760 silly ADD node_modules/resolve
761 silly ADD node_modules/reselect
762 silly ADD node_modules/regenerator-runtime
763 silly ADD node_modules/redux-thunk
764 silly ADD node_modules/redux
765 silly ADD node_modules/recharts
766 silly ADD node_modules/readdirp
767 silly ADD node_modules/readdirp/node_modules/picomatch
768 silly ADD node_modules/read-cache
769 silly ADD node_modules/react-stately
770 silly ADD node_modules/react-router-dom
771 silly ADD node_modules/react-router
772 silly ADD node_modules/react-redux
773 silly ADD node_modules/react-is
774 silly ADD node_modules/react-hot-toast
775 silly ADD node_modules/react-dom
776 silly ADD node_modules/react-aria
777 silly ADD node_modules/react
778 silly ADD node_modules/raf
779 silly ADD node_modules/queue-microtask
780 silly ADD node_modules/punycode
781 silly ADD node_modules/proxy-from-env
782 silly ADD node_modules/prelude-ls
783 silly ADD node_modules/postcss-value-parser
784 silly ADD node_modules/postcss-selector-parser
785 silly ADD node_modules/postcss-nested
786 silly ADD node_modules/postcss-load-config
787 silly ADD node_modules/postcss-js
788 silly ADD node_modules/postcss-import
789 silly ADD node_modules/postcss
790 silly ADD node_modules/pirates
791 silly ADD node_modules/pify
792 silly ADD node_modules/picomatch
793 silly ADD node_modules/picocolors
794 silly ADD node_modules/performance-now
795 silly ADD node_modules/path-parse
796 silly ADD node_modules/path-key
797 silly ADD node_modules/path-exists
798 silly ADD node_modules/pako
799 silly ADD node_modules/p-locate
800 silly ADD node_modules/p-limit
801 silly ADD node_modules/optionator
802 silly ADD node_modules/object-hash
803 silly ADD node_modules/object-assign
804 silly ADD node_modules/normalize-path
805 silly ADD node_modules/node-releases
806 silly ADD node_modules/natural-compare
807 silly ADD node_modules/nanoid
808 silly ADD node_modules/mz
809 silly ADD node_modules/ms
810 silly ADD node_modules/motion-utils
811 silly ADD node_modules/motion-dom
812 silly ADD node_modules/minimatch
813 silly ADD node_modules/mime-types
814 silly ADD node_modules/mime-db
815 silly ADD node_modules/micromatch
816 silly ADD node_modules/micromatch/node_modules/picomatch
817 silly ADD node_modules/merge2
818 silly ADD node_modules/math-intrinsics
819 silly ADD node_modules/lucide-react
820 silly ADD node_modules/lru-cache
821 silly ADD node_modules/locate-path
822 silly ADD node_modules/lines-and-columns
823 silly ADD node_modules/lilconfig
824 silly ADD
825 silly ADD
826 silly ADD node_modules/lightningcss-linux-x64-musl
827 silly ADD node_modules/lightningcss-linux-x64-gnu
828 silly ADD
829 silly ADD
830 silly ADD
831 silly ADD
832 silly ADD
833 silly ADD
834 silly ADD
835 silly ADD node_modules/lightningcss
836 silly ADD node_modules/levn
837 silly ADD node_modules/keyv
838 silly ADD node_modules/jspdf-autotable
839 silly ADD node_modules/jspdf
840 silly ADD node_modules/json5
841 silly ADD node_modules/json-stable-stringify-without-jsonify
842 silly ADD node_modules/json-schema-traverse
843 silly ADD node_modules/json-buffer
844 silly ADD node_modules/jsesc
845 silly ADD node_modules/js-tokens
846 silly ADD node_modules/jiti
847 silly ADD node_modules/isexe
848 silly ADD node_modules/is-number
849 silly ADD node_modules/is-glob
850 silly ADD node_modules/is-extglob
851 silly ADD node_modules/is-core-module
852 silly ADD node_modules/is-binary-path
853 silly ADD node_modules/iobuffer
854 silly ADD node_modules/internmap
855 silly ADD node_modules/imurmurhash
856 silly ADD node_modules/immer
857 silly ADD node_modules/ignore
858 silly ADD node_modules/html2canvas
859 silly ADD node_modules/hermes-parser
860 silly ADD node_modules/hermes-estree
861 silly ADD node_modules/hasown
862 silly ADD node_modules/has-tostringtag
863 silly ADD node_modules/has-symbols
864 silly ADD node_modules/gopd
865 silly ADD node_modules/goober
866 silly ADD node_modules/globals
867 silly ADD node_modules/glob-parent
868 silly ADD node_modules/get-proto
869 silly ADD node_modules/get-intrinsic
870 silly ADD node_modules/gensync
871 silly ADD node_modules/function-bind
872 silly ADD
873 silly ADD node_modules/framer-motion
874 silly ADD node_modules/fraction.js
875 silly ADD node_modules/frac
876 silly ADD node_modules/form-data
877 silly ADD node_modules/follow-redirects
878 silly ADD node_modules/flatted
879 silly ADD node_modules/flat-cache
880 silly ADD node_modules/find-up
881 silly ADD node_modules/fill-range
882 silly ADD node_modules/file-entry-cache
883 silly ADD node_modules/fflate
884 silly ADD node_modules/fdir
885 silly ADD node_modules/fastq
886 silly ADD node_modules/fast-png
887 silly ADD node_modules/fast-levenshtein
888 silly ADD node_modules/fast-json-stable-stringify
889 silly ADD node_modules/fast-glob
890 silly ADD node_modules/fast-glob/node_modules/glob-parent
891 silly ADD node_modules/fast-deep-equal
892 silly ADD node_modules/eventemitter3
893 silly ADD node_modules/esutils
894 silly ADD node_modules/estraverse
895 silly ADD node_modules/esrecurse
896 silly ADD node_modules/esquery
897 silly ADD node_modules/espree
898 silly ADD node_modules/eslint-visitor-keys
899 silly ADD node_modules/eslint-scope
900 silly ADD node_modules/eslint-plugin-react-refresh
901 silly ADD node_modules/eslint-plugin-react-hooks
902 silly ADD node_modules/eslint
903 silly ADD node_modules/escape-string-regexp
904 silly ADD node_modules/escalade
905 silly ADD node_modules/es-toolkit
906 silly ADD node_modules/es-set-tostringtag
907 silly ADD node_modules/es-object-atoms
908 silly ADD node_modules/es-errors
909 silly ADD node_modules/es-define-property
910 silly ADD node_modules/electron-to-chromium
911 silly ADD node_modules/dunder-proto
912 silly ADD node_modules/dompurify
913 silly ADD node_modules/dlv
914 silly ADD node_modules/didyoumean
915 silly ADD node_modules/detect-libc
916 silly ADD node_modules/delayed-stream
917 silly ADD node_modules/deep-is
918 silly ADD node_modules/decimal.js-light
919 silly ADD node_modules/debug
920 silly ADD node_modules/d3-timer
921 silly ADD node_modules/d3-time-format
922 silly ADD node_modules/d3-time
923 silly ADD node_modules/d3-shape
924 silly ADD node_modules/d3-scale
925 silly ADD node_modules/d3-path
926 silly ADD node_modules/d3-interpolate
927 silly ADD node_modules/d3-format
928 silly ADD node_modules/d3-ease
929 silly ADD node_modules/d3-color
930 silly ADD node_modules/d3-array
931 silly ADD node_modules/csstype
932 silly ADD node_modules/cssesc
933 silly ADD node_modules/css-line-break
934 silly ADD node_modules/cross-spawn
935 silly ADD node_modules/crc-32
936 silly ADD node_modules/core-js
937 silly ADD node_modules/convert-source-map
938 silly ADD node_modules/commander
939 silly ADD node_modules/combined-stream
940 silly ADD node_modules/codepage
941 silly ADD node_modules/clsx
942 silly ADD node_modules/chokidar
943 silly ADD node_modules/chokidar/node_modules/glob-parent
944 silly ADD node_modules/cfb
945 silly ADD node_modules/canvg
946 silly ADD node_modules/caniuse-lite
947 silly ADD node_modules/camelcase-css
948 silly ADD node_modules/call-bind-apply-helpers
949 silly ADD node_modules/browserslist
950 silly ADD node_modules/braces
951 silly ADD node_modules/brace-expansion
952 silly ADD node_modules/binary-extensions
953 silly ADD node_modules/baseline-browser-mapping
954 silly ADD node_modules/base64-arraybuffer
955 silly ADD node_modules/balanced-match
956 silly ADD node_modules/axios
957 silly ADD node_modules/autoprefixer
958 silly ADD node_modules/asynckit
959 silly ADD node_modules/aria-hidden
960 silly ADD node_modules/arg
961 silly ADD node_modules/anymatch
962 silly ADD node_modules/anymatch/node_modules/picomatch
963 silly ADD node_modules/any-promise
964 silly ADD node_modules/ajv
965 silly ADD node_modules/adler-32
966 silly ADD node_modules/acorn-jsx
967 silly ADD node_modules/acorn
968 silly ADD node_modules/@vitejs/plugin-react
969 silly ADD node_modules/@types/use-sync-external-store
970 silly ADD node_modules/@types/trusted-types
971 silly ADD node_modules/@types/react-dom
972 silly ADD node_modules/@types/react
973 silly ADD node_modules/@types/raf
974 silly ADD node_modules/@types/pako
975 silly ADD node_modules/@types/json-schema
976 silly ADD node_modules/@types/estree
977 silly ADD node_modules/@types/esrecurse
978 silly ADD node_modules/@types/d3-timer
979 silly ADD node_modules/@types/d3-time
980 silly ADD node_modules/@types/d3-shape
981 silly ADD node_modules/@types/d3-scale
982 silly ADD node_modules/@types/d3-path
983 silly ADD node_modules/@types/d3-interpolate
984 silly ADD node_modules/@types/d3-ease
985 silly ADD node_modules/@types/d3-color
986 silly ADD node_modules/@types/d3-array
987 silly ADD
988 silly ADD node_modules/@tanstack/virtual-core
989 silly ADD node_modules/@tanstack/react-virtual
990 silly ADD node_modules/@tanstack/react-query
991 silly ADD node_modules/@tanstack/query-core
992 silly ADD node_modules/@swc/helpers
993 silly ADD node_modules/@standard-schema/utils
994 silly ADD node_modules/@standard-schema/spec
995 silly ADD node_modules/@rolldown/pluginutils
996 silly ADD
997 silly ADD
998 silly ADD
999 silly ADD
1000 silly ADD node_modules/@rolldown/binding-linux-x64-musl
1001 silly ADD node_modules/@rolldown/binding-linux-x64-gnu
1002 silly ADD
1003 silly ADD
1004 silly ADD
1005 silly ADD
1006 silly ADD
1007 silly ADD
1008 silly ADD
1009 silly ADD
1010 silly ADD
1011 silly ADD node_modules/@remix-run/router
1012 silly ADD node_modules/@reduxjs/toolkit
1013 silly ADD node_modules/@reduxjs/toolkit/node_modules/immer
1014 silly ADD node_modules/@react-types/shared
1015 silly ADD node_modules/@react-aria/interactions
1016 silly ADD node_modules/@react-aria/focus
1017 silly ADD node_modules/@radix-ui/react-slot
1018 silly ADD node_modules/@radix-ui/react-compose-refs
1019 silly ADD node_modules/@oxc-project/types
1020 silly ADD node_modules/@nodelib/fs.walk
1021 silly ADD node_modules/@nodelib/fs.stat
1022 silly ADD node_modules/@nodelib/fs.scandir
1023 silly ADD
1024 silly ADD node_modules/@jridgewell/trace-mapping
1025 silly ADD node_modules/@jridgewell/sourcemap-codec
1026 silly ADD node_modules/@jridgewell/resolve-uri
1027 silly ADD node_modules/@jridgewell/remapping
1028 silly ADD node_modules/@jridgewell/gen-mapping
1029 silly ADD node_modules/@internationalized/string
1030 silly ADD node_modules/@internationalized/number
1031 silly ADD node_modules/@internationalized/date
1032 silly ADD node_modules/@humanwhocodes/retry
1033 silly ADD node_modules/@humanwhocodes/module-importer
1034 silly ADD node_modules/@humanfs/types
1035 silly ADD node_modules/@humanfs/node
1036 silly ADD node_modules/@humanfs/core
1037 silly ADD node_modules/@headlessui/react
1038 silly ADD node_modules/@floating-ui/utils
1039 silly ADD node_modules/@floating-ui/react-dom
1040 silly ADD node_modules/@floating-ui/react
1041 silly ADD node_modules/@floating-ui/dom
1042 silly ADD node_modules/@floating-ui/core
1043 silly ADD node_modules/@eslint/plugin-kit
1044 silly ADD node_modules/@eslint/object-schema
1045 silly ADD node_modules/@eslint/js
1046 silly ADD node_modules/@eslint/core
1047 silly ADD node_modules/@eslint/config-helpers
1048 silly ADD node_modules/@eslint/config-array
1049 silly ADD node_modules/@eslint-community/regexpp
1050 silly ADD node_modules/@eslint-community/eslint-utils
1051 silly ADD node_modules/@eslint-community/eslint-utils/node_modules/eslint-visitor-keys
1052 silly ADD
1053 silly ADD
1054 silly ADD
1055 silly ADD node_modules/@babel/types
1056 silly ADD node_modules/@babel/traverse
1057 silly ADD node_modules/@babel/template
1058 silly ADD node_modules/@babel/runtime
1059 silly ADD node_modules/@babel/parser
1060 silly ADD node_modules/@babel/helpers
1061 silly ADD node_modules/@babel/helper-validator-option
1062 silly ADD node_modules/@babel/helper-validator-identifier
1063 silly ADD node_modules/@babel/helper-string-parser
1064 silly ADD node_modules/@babel/helper-module-transforms
1065 silly ADD node_modules/@babel/helper-module-imports
1066 silly ADD node_modules/@babel/helper-globals
1067 silly ADD node_modules/@babel/helper-compilation-targets
1068 silly ADD node_modules/@babel/generator
1069 silly ADD node_modules/@babel/core
1070 silly ADD node_modules/@babel/compat-data
1071 silly ADD node_modules/@babel/code-frame
1072 silly ADD node_modules/@alloc/quick-lru
1073 verbose cwd /home/user/frontend
1074 verbose os Linux 6.1.158+
1075 verbose node v20.20.2
1076 verbose npm  v10.8.2
1077 verbose exit 0
1078 info ok
